key,value,date,single6,single7,single8,complete6,complete7,complete8,average6,average7,average8
AL,0.016569561,1/1/00,1,1,1,1,1,1,1,1,1
AL,0.016454673,1/1/04,1,1,1,1,1,1,1,1,1
AL,0.016416301,1/1/05,1,1,1,1,1,1,1,1,1
AL,0.016361229,1/1/06,1,1,1,1,1,1,1,1,1
AL,0.016294699,1/1/07,1,1,1,1,1,1,1,1,1
AL,0.016238208,1/1/08,1,1,1,1,1,1,1,1,1
AL,0.01618683,1/1/09,1,1,1,1,1,1,1,1,1
AL,0.016123984,1/1/10,1,1,1,1,1,1,1,1,1
AL,0.016056447,1/1/11,1,1,1,1,1,1,1,1,1
AL,0.015985307,1/1/12,1,1,1,1,1,1,1,1,1
AL,0.015931349,1/1/13,1,1,1,1,1,1,1,1,1
AL,0.015876779,1/1/14,1,1,1,1,1,1,1,1,1
AL,0.015806123,1/1/15,1,1,1,1,1,1,1,1,1
AL,0.01572822,1/1/16,1,1,1,1,1,1,1,1,1
AL,0.015650266,1/1/17,1,1,1,1,1,1,1,1,1
AL,0.015570716,1/1/18,1,1,1,1,1,1,1,1,1
AL,0.015499301,1/1/19,1,1,1,1,1,1,1,1,1
AL,0.015423354,1/1/20,1,1,1,1,1,1,1,1,1
AL,0.01535149,1/1/21,1,1,1,1,1,1,1,1,1
AL,0.015280597,1/1/22,1,1,1,1,1,1,1,1,1
AL,0.015199209,1/1/23,1,1,1,1,1,1,1,1,1
AL,0.015110726,1/1/24,1,1,1,1,1,1,1,1,1
AL,0.015013712,1/1/25,1,1,1,1,1,1,1,1,1
AL,0.014919798,1/1/26,1,1,1,1,1,1,1,1,1
AL,0.014825746,1/1/27,1,1,1,1,1,1,1,1,1
AL,0.014728459,1/1/28,1,1,1,1,1,1,1,1,1
AL,0.014633823,1/1/29,1,1,1,1,1,1,1,1,1
AL,0.01454317,1/1/30,1,1,1,2,2,2,2,2,2
AK,0.001020212,1/1/00,1,1,1,2,2,2,2,2,2
AK,0.00116159,1/1/04,1,1,1,2,2,2,2,2,2
AK,0.001199017,1/1/05,1,1,1,2,2,2,2,2,2
AK,0.00124002,1/1/06,1,1,1,2,2,2,2,2,2
AK,0.001281993,1/1/07,1,1,1,2,2,2,2,2,2
AK,0.001324031,1/1/08,1,1,1,2,2,2,2,2,2
AK,0.001365621,1/1/09,1,1,1,2,2,2,2,2,2
AK,0.001405139,1/1/10,1,1,1,2,2,2,2,2,2
AK,0.001440625,1/1/11,1,1,1,2,2,2,2,2,2
AK,0.001483312,1/1/12,1,1,1,2,2,2,2,2,2
AK,0.001521504,1/1/13,1,1,1,2,2,2,2,2,2
AK,0.001562171,1/1/14,1,1,1,2,2,2,2,2,2
AK,0.001603373,1/1/15,1,1,1,2,2,2,2,2,2
AK,0.001638344,1/1/16,1,1,1,2,2,2,2,2,2
AK,0.001673881,1/1/17,1,1,1,2,2,2,2,2,2
AK,0.001708989,1/1/18,1,1,1,2,2,2,2,2,2
AK,0.001738592,1/1/19,1,1,1,2,2,2,2,2,2
AK,0.001764317,1/1/20,1,1,1,2,2,2,2,2,2
AK,0.001783113,1/1/21,1,1,1,2,2,2,2,2,2
AK,0.001798852,1/1/22,1,1,1,2,2,2,2,2,2
AK,0.001808093,1/1/23,1,1,1,2,2,2,2,2,2
AK,0.001810041,1/1/24,1,1,1,2,2,2,2,2,2
AK,0.001812472,1/1/25,1,1,1,2,2,2,2,2,2
AK,0.001811897,1/1/26,1,1,1,2,2,2,2,2,2
AK,0.001807826,1/1/27,1,1,1,2,2,2,2,2,2
AK,0.001801136,1/1/28,1,1,1,2,2,2,2,2,2
AK,0.001791777,1/1/29,1,1,1,2,2,2,2,2,2
AK,0.001780207,1/1/30,1,1,1,2,2,2,2,2,2
AZ,0.019085611,1/1/00,1,1,1,2,2,2,2,2,2
AZ,0.020485441,1/1/04,1,1,1,2,2,2,2,2,2
AZ,0.020848676,1/1/05,1,1,1,2,2,2,2,2,2
AZ,0.021219955,1/1/06,1,1,1,2,2,2,2,2,2
AZ,0.021612314,1/1/07,1,1,1,2,2,2,2,2,2
AZ,0.022003186,1/1/08,1,1,1,2,2,2,2,2,2
AZ,0.02243839,1/1/09,1,1,1,2,2,2,2,2,2
AZ,0.022910659,1/1/10,1,1,1,2,2,2,2,2,2
AZ,0.023375447,1/1/11,1,1,1,2,2,2,2,2,2
AZ,0.023788413,1/1/12,1,1,1,2,2,2,2,2,2
AZ,0.024249717,1/1/13,1,1,1,2,2,2,2,2,2
AZ,0.024743364,1/1/14,1,1,1,2,2,2,2,2,2
AZ,0.025247695,1/1/15,1,1,1,2,2,2,2,2,2
AZ,0.025764891,1/1/16,1,1,1,2,2,2,2,2,2
AZ,0.026278528,1/1/17,1,1,1,2,2,2,2,2,2
AZ,0.026792714,1/1/18,1,1,1,2,2,2,2,2,2
AZ,0.027319799,1/1/19,1,1,1,2,2,2,2,2,2
AZ,0.027833962,1/1/20,1,1,1,2,2,2,2,2,2
AZ,0.028368773,1/1/21,1,1,1,2,2,2,2,2,2
AZ,0.028905574,1/1/22,1,1,1,2,2,2,2,2,2
AZ,0.029450063,1/1/23,1,1,1,2,2,2,2,2,2
AZ,0.030003768,1/1/24,1,1,1,2,2,2,2,2,2
AZ,0.030545372,1/1/25,1,1,1,2,2,2,2,2,2
AZ,0.031091363,1/1/26,1,1,1,2,2,2,2,2,2
AZ,0.031645354,1/1/27,1,1,1,2,2,2,2,2,2
AZ,0.032172333,1/1/28,1,1,1,2,2,2,2,2,2
AZ,0.032682035,1/1/29,1,1,1,2,2,2,2,2,2
AZ,0.033187387,1/1/30,1,1,1,2,2,2,2,2,2
AR,0.010688776,1/1/00,1,1,1,2,2,2,2,2,2
AR,0.01045379,1/1/04,1,1,1,2,2,2,2,2,2
AR,0.010417402,1/1/05,1,1,1,2,2,2,2,2,2
AR,0.010385721,1/1/06,1,1,1,2,2,2,2,2,2
AR,0.010346008,1/1/07,1,1,1,2,2,2,2,2,2
AR,0.010298585,1/1/08,1,1,1,2,2,2,2,2,2
AR,0.010271628,1/1/09,1,1,1,2,2,2,2,2,2
AR,0.010241401,1/1/10,1,1,1,2,2,2,2,2,2
AR,0.010201271,1/1/11,1,1,1,2,2,2,2,2,2
AR,0.010152407,1/1/12,1,1,1,2,2,2,2,2,2
AR,0.010102671,1/1/13,1,1,1,2,2,2,2,2,2
AR,0.010057936,1/1/14,1,1,1,2,2,2,2,2,2
AR,0.009999417,1/1/15,1,1,1,2,2,2,2,2,2
AR,0.009942339,1/1/16,1,1,1,2,2,2,2,2,2
AR,0.009885357,1/1/17,1,1,1,2,2,2,2,2,2
AR,0.009829225,1/1/18,1,1,1,2,2,2,2,2,2
AR,0.009778985,1/1/19,1,1,1,2,2,2,2,2,2
AR,0.00972011,1/1/20,1,1,1,2,2,2,2,2,2
AR,0.009669791,1/1/21,1,1,1,2,2,2,2,2,2
AR,0.009614718,1/1/22,1,1,1,2,2,2,2,2,2
AR,0.009551524,1/1/23,1,1,1,2,2,2,2,2,2
AR,0.009492999,1/1/24,1,1,1,2,2,2,2,2,2
AR,0.009429988,1/1/25,1,1,1,2,2,2,2,2,2
AR,0.009375093,1/1/26,1,1,1,2,2,2,2,2,2
AR,0.009323245,1/1/27,2,2,2,3,3,3,3,3,3
AR,0.009279671,1/1/28,2,2,2,3,3,3,3,3,3
AR,0.009235942,1/1/29,2,2,2,3,3,3,3,3,3
AR,0.009186482,1/1/30,2,2,2,3,3,3,3,3,3
CA,0.102757298,1/1/00,2,2,2,3,3,3,3,3,3
CA,0.105567215,1/1/04,2,2,2,3,3,3,3,3,3
CA,0.106284151,1/1/05,2,2,2,3,3,3,3,3,3
CA,0.106876738,1/1/06,2,2,2,3,3,3,3,3,3
CA,0.107371076,1/1/07,2,2,2,3,3,3,3,3,3
CA,0.107836722,1/1/08,2,2,2,3,3,3,3,3,3
CA,0.108415359,1/1/09,2,2,2,3,3,3,3,3,3
CA,0.109152652,1/1/10,2,2,2,3,3,3,3,3,3
CA,0.109815257,1/1/11,2,2,2,3,3,3,3,3,3
CA,0.110250575,1/1/12,2,2,2,3,3,3,3,3,3
CA,0.110666962,1/1/13,2,2,2,3,3,3,3,3,3
CA,0.111154168,1/1/14,2,2,2,3,3,3,3,3,3
CA,0.111730771,1/1/15,2,2,2,3,3,3,3,3,3
CA,0.112135388,1/1/16,2,2,2,3,3,3,3,3,3
CA,0.112432484,1/1/17,2,2,2,3,3,3,3,3,3
CA,0.112770977,1/1/18,2,2,2,3,3,3,3,3,3
CA,0.113108809,1/1/19,2,2,2,3,3,3,3,3,3
CA,0.11347083,1/1/20,2,2,2,3,3,3,3,3,3
CA,0.113741319,1/1/21,2,2,2,3,3,3,3,3,3
CA,0.113961253,1/1/22,2,2,2,3,3,3,3,3,3
CA,0.11415584,1/1/23,2,2,2,3,3,3,3,3,3
CA,0.114356061,1/1/24,2,2,2,3,3,3,3,3,3
CA,0.114681203,1/1/25,2,2,2,3,3,3,3,3,3
CA,0.114915702,1/1/26,1,1,1,2,2,2,2,2,2
CA,0.115158098,1/1/27,1,1,1,2,2,2,2,2,2
CA,0.11541389,1/1/28,1,1,1,2,2,2,2,2,2
CA,0.115681557,1/1/29,1,1,1,2,2,2,2,2,2
CA,0.115994939,1/1/30,1,1,1,2,2,2,2,2,2
CO,0.011890602,1/1/00,1,1,1,2,2,2,2,2,2
CO,0.012331302,1/1/04,1,1,1,2,2,2,2,2,2
CO,0.012416672,1/1/05,1,1,1,2,2,2,2,2,2
CO,0.012501745,1/1/06,1,1,1,2,2,2,2,2,2
CO,0.012589356,1/1/07,1,1,1,2,2,2,2,2,2
CO,0.012673736,1/1/08,1,1,1,2,2,2,2,2,2
CO,0.01276785,1/1/09,1,1,1,2,2,2,2,2,2
CO,0.012857139,1/1/10,1,1,1,2,2,2,2,2,2
CO,0.012948987,1/1/11,1,1,1,2,2,2,2,2,2
CO,0.013084203,1/1/12,1,1,1,2,2,2,2,2,2
CO,0.01320392,1/1/13,1,1,1,2,2,2,2,2,2
CO,0.013307398,1/1/14,1,1,1,2,2,2,2,2,2
CO,0.013408811,1/1/15,1,1,1,2,2,2,2,2,2
CO,0.013500195,1/1/16,1,1,1,2,2,2,2,2,2
CO,0.013588794,1/1/17,1,1,1,2,2,2,2,2,2
CO,0.013665984,1/1/18,1,1,1,2,2,2,2,2,2
CO,0.013716195,1/1/19,1,1,1,2,2,2,2,2,2
CO,0.013744774,1/1/20,1,1,1,2,2,2,2,2,2
CO,0.013758163,1/1/21,1,1,1,2,2,2,2,2,2
CO,0.013763114,1/1/22,1,1,1,2,2,2,2,2,2
CO,0.013751463,1/1/23,1,1,1,2,2,2,2,2,2
CO,0.01372191,1/1/24,1,1,1,2,2,2,2,2,2
CO,0.013690096,1/1/25,1,1,1,1,4,4,1,1,1
CO,0.01364647,1/1/26,1,1,1,1,4,4,1,1,1
CO,0.013596474,1/1/27,1,1,1,1,4,4,1,1,1
CO,0.013532014,1/1/28,1,1,1,1,4,4,1,1,1
CO,0.013460002,1/1/29,1,1,1,1,4,4,1,1,1
CO,0.013383227,1/1/30,1,1,1,1,4,4,1,1,1
CT,0.013436966,1/1/00,1,1,1,1,4,4,1,1,1
CT,0.013138945,1/1/04,1,1,1,1,4,4,1,1,1
CT,0.0130653,1/1/05,1,1,1,1,4,4,1,1,1
CT,0.012991876,1/1/06,1,1,1,1,4,4,1,1,1
CT,0.01294891,1/1/07,1,1,1,1,4,4,1,1,1
CT,0.012933466,1/1/08,1,1,1,1,4,4,1,1,1
CT,0.012883955,1/1/09,1,1,1,1,4,4,1,1,1
CT,0.012812461,1/1/10,1,1,1,1,4,4,1,1,1
CT,0.012750452,1/1/11,1,1,1,1,4,4,1,1,1
CT,0.012682759,1/1/12,1,1,1,1,4,4,1,1,1
CT,0.012587746,1/1/13,1,1,1,1,4,4,1,1,1
CT,0.012466113,1/1/14,1,1,1,1,4,4,1,1,1
CT,0.012333277,1/1/15,1,1,1,1,4,4,1,1,1
CT,0.012198495,1/1/16,1,1,1,1,4,4,1,1,1
CT,0.012077508,1/1/17,1,1,1,1,4,4,1,1,1
CT,0.011967354,1/1/18,1,1,1,1,4,4,1,1,1
CT,0.011862157,1/1/19,1,1,1,1,4,4,1,1,1
CT,0.011761281,1/1/20,1,1,1,1,4,4,1,1,1
CT,0.011672294,1/1/21,1,1,1,1,4,4,1,1,1
CT,0.011587382,1/1/22,1,1,1,1,4,4,1,1,1
CT,0.011519343,1/1/23,1,1,1,1,4,4,1,1,1
CT,0.011451822,1/1/24,1,1,1,2,2,2,2,2,2
CT,0.011386705,1/1/25,1,1,1,2,2,2,2,2,2
CT,0.011325471,1/1/26,1,1,1,2,2,2,2,2,2
CT,0.01126514,1/1/27,1,1,1,2,2,2,2,2,2
CT,0.011201879,1/1/28,1,1,1,2,2,2,2,2,2
CT,0.011156686,1/1/29,1,1,1,2,2,2,2,2,2
CT,0.011117794,1/1/30,1,1,1,2,2,2,2,2,2
DE,0.002907142,1/1/00,1,1,1,2,2,2,2,2,2
DE,0.002988263,1/1/04,1,1,1,2,2,2,2,2,2
DE,0.003005976,1/1/05,1,1,1,2,2,2,2,2,2
DE,0.003026844,1/1/06,1,1,1,2,2,2,2,2,2
DE,0.003047133,1/1/07,1,1,1,2,2,2,2,2,2
DE,0.003065895,1/1/08,1,1,1,2,2,2,2,2,2
DE,0.00308761,1/1/09,1,1,1,2,2,2,2,2,2
DE,0.003105379,1/1/10,1,1,1,2,2,2,2,2,2
DE,0.003124823,1/1/11,1,1,1,2,2,2,2,2,2
DE,0.003144128,1/1/12,1,1,1,2,2,2,2,2,2
DE,0.00316049,1/1/13,1,1,1,2,2,2,2,2,2
DE,0.003171672,1/1/14,1,1,1,2,2,2,2,2,2
DE,0.003177595,1/1/15,1,1,1,2,2,2,2,2,2
DE,0.003189078,1/1/16,1,1,1,2,2,2,2,2,2
DE,0.0031972,1/1/17,1,1,1,2,2,2,2,2,2
DE,0.003207252,1/1/18,1,1,1,2,2,2,2,2,2
DE,0.003214391,1/1/19,1,1,1,2,2,2,2,2,2
DE,0.003223776,1/1/20,1,1,1,2,2,2,2,2,2
DE,0.003237255,1/1/21,1,1,1,2,2,2,2,2,2
DE,0.003250975,1/1/22,1,1,1,2,2,2,2,2,2
DE,0.003265821,1/1/23,1,1,1,2,2,2,2,2,2
DE,0.003276596,1/1/24,1,1,1,2,2,2,2,2,2
DE,0.003283796,1/1/25,1,1,1,2,2,2,2,2,2
DE,0.00329369,1/1/26,1,1,1,2,2,2,2,2,2
DE,0.00330477,1/1/27,1,1,1,2,2,2,2,2,2
DE,0.003315535,1/1/28,1,1,1,2,2,2,2,2,2
DE,0.003322652,1/1/29,1,1,1,2,2,2,2,2,2
DE,0.003328362,1/1/30,1,1,1,2,2,2,2,2,2
DC,0.001997556,1/1/00,1,1,1,2,2,2,2,2,2
DC,0.001779171,1/1/04,1,1,1,2,2,2,2,2,2
DC,0.001737714,1/1/05,1,1,1,2,2,2,2,2,2
DC,0.001692863,1/1/06,1,1,1,2,2,2,2,2,2
DC,0.00164691,1/1/07,1,1,1,2,2,2,2,2,2
DC,0.001600562,1/1/08,1,1,1,2,2,2,2,2,2
DC,0.00155885,1/1/09,1,1,1,2,2,2,2,2,2
DC,0.001516659,1/1/10,1,1,1,2,2,2,2,2,2
DC,0.001472214,1/1/11,1,1,1,2,2,2,2,2,2
DC,0.00142926,1/1/12,1,1,1,2,2,2,2,2,2
DC,0.001389423,1/1/13,1,1,1,2,2,2,2,2,2
DC,0.001353283,1/1/14,1,1,1,2,2,2,2,2,2
DC,0.001318937,1/1/15,1,1,1,2,2,2,2,2,2
DC,0.001281681,1/1/16,1,1,1,2,2,2,2,2,2
DC,0.001240751,1/1/17,1,1,1,2,2,2,2,2,2
DC,0.001202278,1/1/18,1,1,1,2,2,2,2,2,2
DC,0.001163991,1/1/19,1,1,1,2,2,2,2,2,2
DC,0.001126357,1/1/20,1,1,1,2,2,2,2,2,2
DC,0.001085469,1/1/21,1,1,1,2,2,2,2,2,2
DC,0.001046676,1/1/22,3,3,3,4,5,5,4,4,4
DC,0.001009081,1/1/23,3,3,3,4,5,5,4,4,4
DC,0.000974887,1/1/24,3,3,3,4,5,5,4,4,4
DC,0.00094615,1/1/25,3,3,3,4,5,5,4,4,4
DC,0.000915564,1/1/26,3,3,3,4,5,5,4,4,4
DC,0.000884147,1/1/27,3,3,3,4,5,5,4,4,4
DC,0.000856911,1/1/28,3,3,3,4,5,5,4,4,4
DC,0.000834776,1/1/29,3,3,3,4,5,5,4,4,4
DC,0.000815048,1/1/30,3,3,3,4,5,5,4,4,4
FL,0.080235963,1/1/00,3,3,3,4,5,5,4,4,4
FL,0.081753274,1/1/04,3,3,3,4,5,5,4,4,4
FL,0.082225989,1/1/05,3,3,3,4,5,5,4,4,4
FL,0.082688063,1/1/06,3,3,3,4,5,5,4,4,4
FL,0.083121724,1/1/07,3,3,3,4,5,5,4,4,4
FL,0.083588495,1/1/08,3,3,3,4,5,5,4,4,4
FL,0.084190267,1/1/09,3,3,3,4,5,5,4,4,4
FL,0.08494984,1/1/10,3,3,3,4,5,5,4,4,4
FL,0.085716968,1/1/11,3,3,3,4,5,5,4,4,4
FL,0.08618297,1/1/12,3,3,3,4,5,5,4,4,4
FL,0.086790701,1/1/13,3,3,3,4,5,5,4,4,4
FL,0.087546091,1/1/14,3,3,3,4,5,5,4,4,4
FL,0.088349664,1/1/15,3,3,3,4,5,5,4,4,4
FL,0.089271,1/1/16,3,3,3,4,5,5,4,4,4
FL,0.090219609,1/1/17,3,3,3,4,5,5,4,4,4
FL,0.091234543,1/1/18,3,3,3,4,5,5,4,4,4
FL,0.092332122,1/1/19,3,3,3,4,5,5,4,4,4
FL,0.093477581,1/1/20,3,3,3,4,5,5,4,4,4
FL,0.09474819,1/1/21,1,1,1,1,4,4,1,1,1
FL,0.096094469,1/1/22,1,1,1,1,4,4,1,1,1
FL,0.097506631,1/1/23,1,1,1,1,4,4,1,1,1
FL,0.09902436,1/1/24,1,1,1,1,4,4,1,1,1
FL,0.100558371,1/1/25,1,1,1,1,4,4,1,1,1
FL,0.102181287,1/1/26,1,1,1,1,4,4,1,1,1
FL,0.103842455,1/1/27,1,1,1,1,4,4,1,1,1
FL,0.105511759,1/1/28,1,1,1,1,4,4,1,1,1
FL,0.107141557,1/1/29,1,1,1,1,4,4,1,1,1
FL,0.108734424,1/1/30,1,1,1,1,4,4,1,1,1
GA,0.022441716,1/1/00,1,1,1,1,4,4,1,1,1
GA,0.023130349,1/1/04,1,1,1,1,4,4,1,1,1
GA,0.023329797,1/1/05,1,1,1,1,4,4,1,1,1
GA,0.023529575,1/1/06,1,1,1,1,4,4,1,1,1
GA,0.023732623,1/1/07,1,1,1,1,4,4,1,1,1
GA,0.023954845,1/1/08,1,1,1,1,4,4,1,1,1
GA,0.024168256,1/1/09,1,1,1,1,4,4,1,1,1
GA,0.024372105,1/1/10,1,1,1,1,4,4,1,1,1
GA,0.024574663,1/1/11,1,1,1,1,4,4,1,1,1
GA,0.024803985,1/1/12,1,1,1,1,4,4,1,1,1
GA,0.025028856,1/1/13,1,1,1,1,4,4,1,1,1
GA,0.025221174,1/1/14,1,1,1,1,4,4,1,1,1
GA,0.025380584,1/1/15,1,1,1,1,4,4,1,1,1
GA,0.025497186,1/1/16,1,1,1,1,4,4,1,1,1
GA,0.025590156,1/1/17,1,1,1,1,4,4,1,1,1
GA,0.025668982,1/1/18,1,1,1,1,4,4,1,1,1
GA,0.025744212,1/1/19,1,1,1,1,4,4,1,1,1
GA,0.025807692,1/1/20,1,1,1,2,2,2,2,2,2
GA,0.025869859,1/1/21,1,1,1,2,2,2,2,2,2
GA,0.025930409,1/1/22,1,1,1,2,2,2,2,2,2
GA,0.025984822,1/1/23,1,1,1,2,2,2,2,2,2
GA,0.026053091,1/1/24,1,1,1,2,2,2,2,2,2
GA,0.026126913,1/1/25,1,1,1,2,2,2,2,2,2
GA,0.026210239,1/1/26,1,1,1,2,2,2,2,2,2
GA,0.026306725,1/1/27,1,1,1,2,2,2,2,2,2
GA,0.026413023,1/1/28,1,1,1,2,2,2,2,2,2
GA,0.026551298,1/1/29,1,1,1,2,2,2,2,2,2
GA,0.02670041,1/1/30,1,1,1,2,2,2,2,2,2
HI,0.004589681,1/1/00,1,1,1,2,2,2,2,2,2
HI,0.004622583,1/1/04,1,1,1,2,2,2,2,2,2
HI,0.004634713,1/1/05,1,1,1,2,2,2,2,2,2
HI,0.004643435,1/1/06,1,1,1,2,2,2,2,2,2
HI,0.004650159,1/1/07,1,1,1,2,2,2,2,2,2
HI,0.004662321,1/1/08,1,1,1,2,2,2,2,2,2
HI,0.004701473,1/1/09,1,1,1,2,2,2,2,2,2
HI,0.004747698,1/1/10,1,1,1,2,2,2,2,2,2
HI,0.004779644,1/1/11,1,1,1,2,2,2,2,2,2
HI,0.00478015,1/1/12,1,1,1,2,2,2,2,2,2
HI,0.004794177,1/1/13,1,1,1,2,2,2,2,2,2
HI,0.004813243,1/1/14,1,1,1,2,2,2,2,2,2
HI,0.004834056,1/1/15,1,1,1,2,2,2,2,2,2
HI,0.00484574,1/1/16,1,1,1,2,2,2,2,2,2
HI,0.004852607,1/1/17,1,1,1,2,2,2,2,2,2
HI,0.004856034,1/1/18,1,1,1,2,2,2,2,2,2
HI,0.004852722,1/1/19,1,1,1,2,2,2,2,2,2
HI,0.004841989,1/1/20,1,1,1,2,2,2,2,2,2
HI,0.004828027,1/1/21,1,1,1,2,2,2,2,2,2
HI,0.004808762,1/1/22,1,1,1,2,2,2,2,2,2
HI,0.00478339,1/1/23,1,1,1,2,2,2,2,2,2
HI,0.004759756,1/1/24,1,1,1,2,2,2,2,2,2
HI,0.004734341,1/1/25,1,1,1,2,2,2,2,2,2
HI,0.004705207,1/1/26,1,1,1,2,2,2,2,2,2
HI,0.004676704,1/1/27,1,1,1,2,2,2,2,2,2
HI,0.004647289,1/1/28,1,1,1,2,2,2,2,2,2
HI,0.004611288,1/1/29,1,1,1,2,2,2,2,2,2
HI,0.004575803,1/1/30,1,1,1,2,2,2,2,2,2
ID,0.004170011,1/1/00,1,1,1,2,2,2,2,2,2
ID,0.004288414,1/1/04,1,1,1,2,2,2,2,2,2
ID,0.004323262,1/1/05,1,1,1,2,2,2,2,2,2
ID,0.004357653,1/1/06,1,1,1,2,2,2,2,2,2
ID,0.004390051,1/1/07,1,1,1,2,2,2,2,2,2
ID,0.004425439,1/1/08,1,1,1,2,2,2,2,2,2
ID,0.004467466,1/1/09,1,1,1,2,2,2,2,2,2
ID,0.004507934,1/1/10,1,1,1,2,2,2,2,2,2
ID,0.004543804,1/1/11,1,1,1,2,2,2,2,2,2
ID,0.004577242,1/1/12,1,1,1,2,2,2,2,2,2
ID,0.00462048,1/1/13,1,1,1,2,2,2,2,2,2
ID,0.004661722,1/1/14,1,1,1,2,2,2,2,2,2
ID,0.004704201,1/1/15,1,1,1,2,2,2,2,2,2
ID,0.004749479,1/1/16,1,1,1,2,2,2,2,2,2
ID,0.00480073,1/1/17,1,1,1,2,2,2,2,2,2
ID,0.004850357,1/1/18,1,4,4,5,6,6,5,5,5
ID,0.004895251,1/1/19,1,4,4,5,6,6,5,5,5
ID,0.0049319,1/1/20,1,4,4,5,6,6,5,5,5
ID,0.004962969,1/1/21,1,4,4,5,6,6,5,5,5
ID,0.004990249,1/1/22,1,4,4,5,6,6,5,5,5
ID,0.005009784,1/1/23,1,4,4,5,6,6,5,5,5
ID,0.005026509,1/1/24,1,4,4,5,6,6,5,5,5
ID,0.005040715,1/1/25,1,4,4,5,6,6,5,5,5
ID,0.005053072,1/1/26,1,4,4,5,6,6,5,5,5
ID,0.005063961,1/1/27,1,4,4,5,6,6,5,5,5
ID,0.005068021,1/1/28,1,4,4,5,6,6,5,5,5
ID,0.005061478,1/1/29,1,4,4,5,6,6,5,5,5
ID,0.005052701,1/1/30,1,4,4,5,6,6,5,5,5
IL,0.042867958,1/1/00,1,4,4,5,6,6,5,5,5
IL,0.041746305,1/1/04,1,4,4,5,6,6,5,5,5
IL,0.041442854,1/1/05,1,4,4,5,6,6,5,5,5
IL,0.041139481,1/1/06,1,4,4,5,6,6,5,5,5
IL,0.040865717,1/1/07,1,4,4,5,6,6,5,5,5
IL,0.040563715,1/1/08,1,4,4,5,6,6,5,5,5
IL,0.040197341,1/1/09,1,4,4,5,6,6,5,5,5
IL,0.039779207,1/1/10,1,4,4,5,6,6,5,5,5
IL,0.039384716,1/1/11,1,4,4,5,6,6,5,5,5
IL,0.039027916,1/1/12,1,4,4,5,6,6,5,5,5
IL,0.038670682,1/1/13,1,4,4,5,6,6,5,5,5
IL,0.038306849,1/1/14,1,4,4,5,6,6,5,5,5
IL,0.037988018,1/1/15,1,4,4,5,6,6,5,5,5
IL,0.037668068,1/1/16,1,4,4,5,6,6,5,5,5
IL,0.037339598,1/1/17,1,1,1,1,4,4,1,1,1
IL,0.037009873,1/1/18,1,1,1,1,4,4,1,1,1
IL,0.036682177,1/1/19,1,1,1,1,4,4,1,1,1
IL,0.036402987,1/1/20,1,1,1,1,4,4,1,1,1
IL,0.036107836,1/1/21,1,1,1,1,4,4,1,1,1
IL,0.035819028,1/1/22,1,1,1,1,4,4,1,1,1
IL,0.035550752,1/1/23,1,1,1,1,4,4,1,1,1
IL,0.035284916,1/1/24,1,1,1,1,4,4,1,1,1
IL,0.035048807,1/1/25,1,1,1,1,4,4,1,1,1
IL,0.034787761,1/1/26,1,1,1,1,4,4,1,1,1
IL,0.034518087,1/1/27,1,1,1,1,4,4,1,1,1
IL,0.03424413,1/1/28,1,1,1,1,4,4,1,1,1
IL,0.033984209,1/1/29,1,1,1,1,4,4,1,1,1
IL,0.03375871,1/1/30,1,1,1,1,4,4,1,1,1
IN,0.021514527,1/1/00,1,1,1,1,4,4,1,1,1
IN,0.02101279,1/1/04,1,1,1,1,4,4,1,1,1
IN,0.020879987,1/1/05,1,1,1,1,4,4,1,1,1
IN,0.020758483,1/1/06,1,1,1,1,4,4,1,1,1
IN,0.020633045,1/1/07,1,1,1,1,4,4,1,1,1
IN,0.020499781,1/1/08,1,1,1,1,4,4,1,1,1
IN,0.020336047,1/1/09,1,1,1,1,4,4,1,1,1
IN,0.020159422,1/1/10,1,1,1,1,4,4,1,1,1
IN,0.019974488,1/1/11,1,1,1,1,4,4,1,1,1
IN,0.019828895,1/1/12,1,1,1,1,4,4,1,1,1
IN,0.019677563,1/1/13,1,1,1,1,4,4,1,1,1
IN,0.019530916,1/1/14,1,1,1,1,4,4,1,1,1
IN,0.019370526,1/1/15,1,1,1,1,4,4,1,1,1
IN,0.019211225,1/1/16,1,1,1,1,1,1,2,2,2
IN,0.019074817,1/1/17,1,1,1,1,1,1,2,2,2
IN,0.018938164,1/1/18,1,1,1,1,1,1,2,2,2
IN,0.018807033,1/1/19,1,1,1,1,1,1,2,2,2
IN,0.01866505,1/1/20,1,1,1,1,1,1,2,2,2
IN,0.018523909,1/1/21,1,1,1,1,1,1,2,2,2
IN,0.018386482,1/1/22,1,1,1,1,1,1,2,2,2
IN,0.018252558,1/1/23,1,1,1,1,1,1,2,2,2
IN,0.018104807,1/1/24,1,1,1,1,1,1,2,2,2
IN,0.017956911,1/1/25,1,1,1,1,1,1,2,2,2
IN,0.017812066,1/1/26,1,1,1,1,1,1,2,2,2
IN,0.0176621,1/1/27,1,1,1,1,1,1,2,2,2
IN,0.017514047,1/1/28,1,1,1,1,1,1,2,2,2
IN,0.017379732,1/1/29,1,1,1,1,1,1,2,2,2
IN,0.017240212,1/1/30,1,1,1,1,1,1,2,2,2
IA,0.012466166,1/1/00,1,1,1,1,1,1,2,2,2
IA,0.011999588,1/1/04,1,1,1,1,1,1,2,2,2
IA,0.011875821,1/1/05,1,1,1,1,1,1,2,2,2
IA,0.011755781,1/1/06,1,1,1,1,1,1,2,2,2
IA,0.011616666,1/1/07,1,1,1,1,1,1,2,2,2
IA,0.011465316,1/1/08,1,1,1,1,1,1,2,2,2
IA,0.011323306,1/1/09,1,1,1,1,1,1,2,2,2
IA,0.011179063,1/1/10,1,1,1,1,1,1,2,2,2
IA,0.011039576,1/1/11,1,1,1,1,1,1,2,2,2
IA,0.010907259,1/1/12,1,1,1,1,1,1,2,2,2
IA,0.010786683,1/1/13,1,1,1,1,1,1,2,2,2
IA,0.010672822,1/1/14,1,1,1,1,1,1,2,2,2
IA,0.010569723,1/1/15,1,1,1,2,2,2,2,2,2
IA,0.010491794,1/1/16,1,1,1,2,2,2,2,2,2
IA,0.010428037,1/1/17,1,1,1,2,2,2,2,2,2
IA,0.010349925,1/1/18,1,1,1,2,2,2,2,2,2
IA,0.010269815,1/1/19,1,1,1,2,2,2,2,2,2
IA,0.01018709,1/1/20,1,1,1,2,2,2,2,2,2
IA,0.010105466,1/1/21,1,1,1,2,2,2,2,2,2
IA,0.010018513,1/1/22,1,1,1,2,2,2,2,2,2
IA,0.009927595,1/1/23,1,1,1,2,2,2,2,2,2
IA,0.009836291,1/1/24,1,1,1,2,2,2,2,2,2
IA,0.009747963,1/1/25,1,1,1,2,2,2,2,2,2
IA,0.009663487,1/1/26,1,1,1,2,2,2,2,2,2
IA,0.009574971,1/1/27,1,1,1,2,2,2,2,2,2
IA,0.009480378,1/1/28,1,1,1,2,2,2,2,2,2
IA,0.009382887,1/1/29,1,1,1,2,2,2,2,2,2
IA,0.009281369,1/1/30,1,1,1,2,2,2,2,2,2
KS,0.01018037,1/1/00,1,1,1,2,2,2,2,2,2
KS,0.009842416,1/1/04,1,1,1,2,2,2,2,2,2
KS,0.009757738,1/1/05,1,1,1,2,2,2,2,2,2
KS,0.009675325,1/1/06,1,1,1,2,2,2,2,2,2
KS,0.009587084,1/1/07,1,1,1,2,2,2,2,2,2
KS,0.009497245,1/1/08,1,1,1,2,2,2,2,2,2
KS,0.00941518,1/1/09,1,1,1,2,2,2,2,2,2
KS,0.009326053,1/1/10,1,1,1,2,2,2,2,2,2
KS,0.009239233,1/1/11,1,1,1,2,2,2,2,2,2
KS,0.009165952,1/1/12,1,1,1,2,2,2,2,2,2
KS,0.009098735,1/1/13,1,1,1,2,2,2,2,2,2
KS,0.009033192,1/1/14,1,1,1,1,1,1,2,2,2
KS,0.008970752,1/1/15,1,1,1,1,1,1,2,2,2
KS,0.008923281,1/1/16,1,1,1,1,1,1,2,2,2
KS,0.008886969,1/1/17,1,1,1,1,1,1,2,2,2
KS,0.008851915,1/1/18,1,1,1,1,1,1,2,2,2
KS,0.00881928,1/1/19,1,1,1,1,1,1,2,2,2
KS,0.008784594,1/1/20,1,1,1,1,1,1,2,2,2
KS,0.008751017,1/1/21,1,1,1,1,1,1,2,2,2
KS,0.008714647,1/1/22,1,1,1,1,1,1,2,2,2
KS,0.008671406,1/1/23,1,1,1,1,1,1,2,2,2
KS,0.008623986,1/1/24,1,1,1,1,1,1,2,2,2
KS,0.00857563,1/1/25,1,1,1,1,1,1,2,2,2
KS,0.008531674,1/1/26,1,1,1,1,1,1,2,2,2
KS,0.008484162,1/1/27,1,1,1,1,1,1,2,2,2
KS,0.008431944,1/1/28,1,1,1,1,1,1,2,2,2
KS,0.008371191,1/1/29,1,1,1,1,1,1,2,2,2
KS,0.008300381,1/1/30,1,1,1,1,1,1,2,2,2
KY,0.014426056,1/1/00,1,1,1,1,1,1,2,2,2
KY,0.014207683,1/1/04,1,1,1,1,1,1,2,2,2
KY,0.014158092,1/1/05,1,1,1,1,1,1,2,2,2
KY,0.014116508,1/1/06,1,1,1,1,1,1,2,2,2
KY,0.014063213,1/1/07,1,1,1,1,1,1,2,2,2
KY,0.013996139,1/1/08,1,1,1,1,1,1,2,2,2
KY,0.01392269,1/1/09,1,1,1,1,1,1,2,2,2
KY,0.013852375,1/1/10,1,1,1,1,1,1,2,2,2
KY,0.013787706,1/1/11,1,1,1,1,1,1,2,2,2
KY,0.013751091,1/1/12,1,1,1,1,1,1,2,2,2
KY,0.013712324,1/1/13,1,1,1,1,1,1,2,2,2
KY,0.01367352,1/1/14,1,1,1,1,1,1,2,2,2
KY,0.01362131,1/1/15,1,1,1,1,1,1,2,2,2
KY,0.013570649,1/1/16,1,1,1,1,1,1,2,2,2
KY,0.01352269,1/1/17,1,1,1,1,1,1,2,2,2
KY,0.013464759,1/1/18,1,1,1,1,1,1,2,2,2
KY,0.013411516,1/1/19,1,1,1,1,1,1,2,2,2
KY,0.013357418,1/1/20,1,1,1,1,1,1,2,2,2
KY,0.013296255,1/1/21,1,1,1,1,1,1,2,2,2
KY,0.013234863,1/1/22,1,1,1,1,1,1,2,2,2
KY,0.013171166,1/1/23,1,1,1,1,1,1,2,2,2
KY,0.013095342,1/1/24,1,1,1,1,1,1,2,2,2
KY,0.013013388,1/1/25,1,1,1,1,1,1,2,2,2
KY,0.012934466,1/1/26,1,1,1,1,1,1,2,2,2
KY,0.012856754,1/1/27,1,1,1,1,1,1,2,2,2
KY,0.012782144,1/1/28,1,1,1,1,1,1,2,2,2
KY,0.012712465,1/1/29,1,1,1,1,1,1,2,2,2
KY,0.012643892,1/1/30,1,1,1,1,1,1,2,2,2
LA,0.014772881,1/1/00,1,1,1,1,1,1,2,2,2
LA,0.014708164,1/1/04,1,1,1,1,1,1,2,2,2
LA,0.014688751,1/1/05,1,1,1,1,1,1,2,2,2
LA,0.014662532,1/1/06,1,1,1,1,1,1,2,2,2
LA,0.01462549,1/1/07,1,1,1,1,1,1,2,2,2
LA,0.014568998,1/1/08,1,1,1,1,1,1,2,2,2
LA,0.014519929,1/1/09,1,1,1,1,1,1,2,2,2
LA,0.014470335,1/1/10,1,1,1,1,1,1,2,2,2
LA,0.014403619,1/1/11,1,1,1,1,1,1,2,2,2
LA,0.014343433,1/1/12,1,1,1,2,2,2,2,2,2
LA,0.014289338,1/1/13,1,1,1,2,2,2,2,2,2
LA,0.014234348,1/1/14,1,1,1,2,2,2,2,2,2
LA,0.014186315,1/1/15,1,1,1,2,2,2,2,2,2
LA,0.014144853,1/1/16,1,1,1,2,2,2,2,2,2
LA,0.01409968,1/1/17,1,1,1,2,2,2,2,2,2
LA,0.014052826,1/1/18,1,1,1,2,2,2,2,2,2
LA,0.014012459,1/1/19,1,1,1,2,2,2,2,2,2
LA,0.013974768,1/1/20,1,1,1,2,2,2,2,2,2
LA,0.013927733,1/1/21,1,1,1,2,2,2,2,2,2
LA,0.013871119,1/1/22,1,1,1,2,2,2,2,2,2
LA,0.013806647,1/1/23,1,1,1,2,2,2,2,2,2
LA,0.013743072,1/1/24,1,1,1,2,2,2,2,2,2
LA,0.013672087,1/1/25,1,1,1,2,2,2,2,2,2
LA,0.013588638,1/1/26,1,1,1,2,2,2,2,2,2
LA,0.013502597,1/1/27,1,1,1,2,2,2,2,2,2
LA,0.013411146,1/1/28,1,1,1,2,2,2,2,2,2
LA,0.013315398,1/1/29,1,1,1,2,2,2,2,2,2
LA,0.013214362,1/1/30,1,1,1,2,2,2,2,2,2
ME,0.005241292,1/1/00,1,1,1,2,2,2,2,2,2
ME,0.005257294,1/1/04,1,1,1,2,2,2,2,2,2
ME,0.005247016,1/1/05,1,1,1,2,2,2,2,2,2
ME,0.00524296,1/1/06,1,1,1,2,2,2,2,2,2
ME,0.005249055,1/1/07,1,1,1,2,2,2,2,2,2
ME,0.005257925,1/1/08,1,1,1,2,2,2,2,2,2
ME,0.005269788,1/1/09,1,1,1,2,2,2,2,2,2
ME,0.005274811,1/1/10,1,1,1,2,2,2,2,2,2
ME,0.00527934,1/1/11,1,1,1,1,4,4,1,1,1
ME,0.005299193,1/1/12,1,1,1,1,4,4,1,1,1
ME,0.005320046,1/1/13,1,1,1,1,4,4,1,1,1
ME,0.005334481,1/1/14,1,1,1,1,4,4,1,1,1
ME,0.005347106,1/1/15,1,1,1,1,4,4,1,1,1
ME,0.005359491,1/1/16,1,1,1,1,4,4,1,1,1
ME,0.005371079,1/1/17,1,1,1,1,4,4,1,1,1
ME,0.005380246,1/1/18,1,1,1,1,4,4,1,1,1
ME,0.005387064,1/1/19,1,1,1,1,4,4,1,1,1
ME,0.005381289,1/1/20,1,1,1,1,4,4,1,1,1
ME,0.005377559,1/1/21,1,1,1,1,4,4,1,1,1
ME,0.005372309,1/1/22,1,1,1,1,4,4,1,1,1
ME,0.005365524,1/1/23,1,1,1,1,4,4,1,1,1
ME,0.005355125,1/1/24,1,1,1,1,4,4,1,1,1
ME,0.005337186,1/1/25,1,1,1,1,4,4,1,1,1
ME,0.00532254,1/1/26,1,1,1,1,4,4,1,1,1
ME,0.005306853,1/1/27,1,1,1,1,4,4,1,1,1
ME,0.005287446,1/1/28,1,1,1,1,4,4,1,1,1
ME,0.005262646,1/1/29,1,1,1,1,4,4,1,1,1
ME,0.005234413,1/1/30,1,1,1,1,4,4,1,1,1
MD,0.017127093,1/1/00,1,1,1,1,4,4,1,1,1
MD,0.01743467,1/1/04,1,1,1,1,4,4,1,1,1
MD,0.017505741,1/1/05,1,1,1,1,4,4,1,1,1
MD,0.017576838,1/1/06,1,1,1,1,4,4,1,1,1
MD,0.017663958,1/1/07,1,1,1,1,4,4,1,1,1
MD,0.017743345,1/1/08,1,1,1,1,4,4,1,1,1
MD,0.017796868,1/1/09,1,1,1,1,4,4,1,1,1
MD,0.017840973,1/1/10,1,4,4,5,6,6,5,5,5
MD,0.017865423,1/1/11,1,4,4,5,6,6,5,5,5
MD,0.017914433,1/1/12,1,4,4,5,6,6,5,5,5
MD,0.017938402,1/1/13,1,4,4,5,6,6,5,5,5
MD,0.017930148,1/1/14,1,4,4,5,6,6,5,5,5
MD,0.01789081,1/1/15,1,4,4,5,6,6,5,5,5
MD,0.017846478,1/1/16,1,4,4,5,6,6,5,5,5
MD,0.017791204,1/1/17,1,4,4,5,6,6,5,5,5
MD,0.017736334,1/1/18,1,4,4,5,6,6,5,5,5
MD,0.017670575,1/1/19,1,4,4,5,6,6,5,5,5
MD,0.017611691,1/1/20,1,4,4,5,6,6,5,5,5
MD,0.017550559,1/1/21,1,4,4,5,6,6,5,5,5
MD,0.017499059,1/1/22,1,4,4,5,6,6,5,5,5
MD,0.017459238,1/1/23,1,4,4,5,6,6,5,5,5
MD,0.017425586,1/1/24,1,4,4,5,6,6,5,5,5
MD,0.017391248,1/1/25,1,4,4,5,6,6,5,5,5
MD,0.017357441,1/1/26,1,4,4,5,6,6,5,5,5
MD,0.017327348,1/1/27,1,4,4,5,6,6,5,5,5
MD,0.017305952,1/1/28,1,4,4,5,6,6,5,5,5
MD,0.017303003,1/1/29,1,4,4,5,6,6,5,5,5
MD,0.017293702,1/1/30,1,4,4,5,6,6,5,5,5
MA,0.024581849,1/1/00,1,4,4,5,6,6,5,5,5
MA,0.023612155,1/1/04,1,4,4,5,6,6,5,5,5
MA,0.023383018,1/1/05,1,4,4,5,6,6,5,5,5
MA,0.023175291,1/1/06,1,4,4,5,6,6,5,5,5
MA,0.023008892,1/1/07,1,4,4,5,6,6,5,5,5
MA,0.022880955,1/1/08,1,4,4,5,6,6,5,5,5
MA,0.022736148,1/1/09,1,4,5,5,6,6,5,5,5
MA,0.02257657,1/1/10,1,4,5,5,6,6,5,5,5
MA,0.022434469,1/1/11,1,4,5,5,6,6,5,5,5
MA,0.022333514,1/1/12,1,4,5,5,6,6,5,5,5
MA,0.022211372,1/1/13,1,4,5,5,6,6,5,5,5
MA,0.022072263,1/1/14,1,4,5,5,6,6,5,5,5
MA,0.021915624,1/1/15,1,4,5,5,6,6,5,5,5
MA,0.021768632,1/1/16,1,4,5,5,6,6,5,5,5
MA,0.021623529,1/1/17,1,4,5,5,6,6,5,5,5
MA,0.021488264,1/1/18,1,4,5,5,6,6,5,5,5
MA,0.021353142,1/1/19,1,4,5,5,6,6,5,5,5
MA,0.02122967,1/1/20,1,4,5,5,6,6,5,5,5
MA,0.021116731,1/1/21,1,4,5,5,6,6,5,5,5
MA,0.02100984,1/1/22,1,4,5,5,6,6,5,5,5
MA,0.020915415,1/1/23,1,4,5,5,6,6,5,5,5
MA,0.020832007,1/1/24,1,4,5,5,6,6,5,5,5
MA,0.020747207,1/1/25,1,4,5,5,6,6,5,5,5
MA,0.020671756,1/1/26,1,4,5,5,6,6,5,5,5
MA,0.020603541,1/1/27,1,4,5,5,6,6,5,5,5
MA,0.02054562,1/1/28,1,4,5,5,6,6,5,5,5
MA,0.020504886,1/1/29,1,4,5,5,6,6,5,5,5
MA,0.020476402,1/1/30,1,4,5,5,6,6,5,5,5
MI,0.034837294,1/1/00,1,4,5,5,6,6,5,5,5
MI,0.034132728,1/1/04,1,4,5,5,6,6,5,5,5
MI,0.033945042,1/1/05,1,4,5,5,6,6,5,5,5
MI,0.033789449,1/1/06,1,4,5,5,6,6,5,5,5
MI,0.033685021,1/1/07,1,4,5,5,6,6,5,5,5
MI,0.033578013,1/1/08,1,1,1,1,1,1,1,1,1
MI,0.033397831,1/1/09,1,1,1,1,1,1,1,1,1
MI,0.033160235,1/1/10,1,1,1,1,1,1,1,1,1
MI,0.032931914,1/1/11,1,1,1,1,1,1,1,1,1
MI,0.032755876,1/1/12,1,1,1,1,1,1,1,1,1
MI,0.03258073,1/1/13,1,1,1,1,1,1,1,1,1
MI,0.03239835,1/1/14,1,1,1,1,1,1,1,1,1
MI,0.032204159,1/1/15,1,1,1,1,1,1,1,1,1
MI,0.032037408,1/1/16,1,1,1,1,1,1,1,1,1
MI,0.031877884,1/1/17,1,1,1,1,1,1,1,1,1
MI,0.031691279,1/1/18,1,1,1,1,1,1,1,1,1
MI,0.031508664,1/1/19,1,1,1,1,1,1,1,1,1
MI,0.031327416,1/1/20,1,1,1,1,1,1,1,1,1
MI,0.031150705,1/1/21,1,1,1,1,1,1,1,1,1
MI,0.030979927,1/1/22,1,1,1,1,1,1,1,1,1
MI,0.030793434,1/1/23,1,1,1,1,1,1,1,1,1
MI,0.03057504,1/1/24,1,1,1,1,1,1,1,1,1
MI,0.030325611,1/1/25,1,1,1,1,1,1,1,1,1
MI,0.030074739,1/1/26,1,1,1,1,1,1,1,1,1
MI,0.029829217,1/1/27,1,1,1,1,1,1,1,1,1
MI,0.029585409,1/1/28,1,1,1,1,1,1,1,1,1
MI,0.029357655,1/1/29,1,1,1,1,1,1,1,1,1
MI,0.029119999,1/1/30,1,1,1,1,1,1,1,1,1
MN,0.01698303,1/1/00,1,1,1,1,1,1,1,1,1
MN,0.016841502,1/1/04,1,1,1,1,1,1,1,1,1
MN,0.016808552,1/1/05,1,1,1,1,1,1,1,1,1
MN,0.016790332,1/1/06,1,1,1,1,1,1,1,1,1
MN,0.016765059,1/1/07,1,1,1,1,1,1,2,2,2
MN,0.016742393,1/1/08,1,1,1,1,1,1,2,2,2
MN,0.016705906,1/1/09,1,1,1,1,1,1,2,2,2
MN,0.016659223,1/1/10,1,1,1,1,1,1,2,2,2
MN,0.016616111,1/1/11,1,1,1,1,1,1,2,2,2
MN,0.016590951,1/1/12,1,1,1,1,1,1,2,2,2
MN,0.016569446,1/1/13,1,1,1,1,1,1,2,2,2
MN,0.016553155,1/1/14,1,1,1,1,1,1,2,2,2
MN,0.016550074,1/1/15,1,1,1,1,1,1,2,2,2
MN,0.016576229,1/1/16,1,1,1,1,1,1,2,2,2
MN,0.016617061,1/1/17,1,1,1,1,1,1,2,2,2
MN,0.016635566,1/1/18,1,1,1,1,1,1,2,2,2
MN,0.016650282,1/1/19,1,1,1,1,1,1,2,2,2
MN,0.016656022,1/1/20,1,1,1,1,1,1,2,2,2
MN,0.016668258,1/1/21,1,1,1,1,1,1,2,2,2
MN,0.016679045,1/1/22,1,1,1,1,1,1,2,2,2
MN,0.0166983,1/1/23,1,1,1,1,1,1,2,2,2
MN,0.016717776,1/1/24,1,1,1,1,1,1,2,2,2
MN,0.01673573,1/1/25,1,1,1,1,1,1,2,2,2
MN,0.016756458,1/1/26,1,1,1,1,1,1,2,2,2
MN,0.016762902,1/1/27,1,1,1,1,1,1,2,2,2
MN,0.016760103,1/1/28,1,1,1,1,1,1,2,2,2
MN,0.016735071,1/1/29,1,1,1,1,1,1,2,2,2
MN,0.016697915,1/1/30,1,1,1,1,1,1,2,2,2
MS,0.009817256,1/1/00,1,1,1,1,1,1,2,2,2
MS,0.009690393,1/1/04,1,1,1,1,1,1,2,2,2
MS,0.009654565,1/1/05,1,1,1,1,1,1,2,2,2
MS,0.009605721,1/1/06,1,1,1,1,1,1,1,1,1
MS,0.009554138,1/1/07,1,1,1,1,1,1,1,1,1
MS,0.009501819,1/1/08,1,1,1,1,1,1,1,1,1
MS,0.00945953,1/1/09,1,1,1,1,1,1,1,1,1
MS,0.009418241,1/1/10,1,1,1,1,1,1,1,1,1
MS,0.009382542,1/1/11,1,1,1,1,1,1,1,1,1
MS,0.009349895,1/1/12,1,1,1,1,1,1,1,1,1
MS,0.009320804,1/1/13,1,1,1,1,1,1,1,1,1
MS,0.009289786,1/1/14,1,1,1,1,1,1,1,1,1
MS,0.009263117,1/1/15,1,1,1,1,1,1,1,1,1
MS,0.009235983,1/1/16,1,1,1,1,1,1,1,1,1
MS,0.009204451,1/1/17,1,1,1,1,1,1,1,1,1
MS,0.009173361,1/1/18,1,1,1,1,1,1,1,1,1
MS,0.009153119,1/1/19,1,1,1,1,1,1,1,1,1
MS,0.009137337,1/1/20,1,1,1,1,1,1,1,1,1
MS,0.00912001,1/1/21,1,1,1,1,1,1,1,1,1
MS,0.009101146,1/1/22,1,1,1,1,1,1,1,1,1
MS,0.009079708,1/1/23,1,1,1,1,1,1,1,1,1
MS,0.009056141,1/1/24,1,1,1,1,1,1,1,1,1
MS,0.009028799,1/1/25,1,1,1,1,1,1,1,1,1
MS,0.008999661,1/1/26,1,1,1,1,1,1,1,1,1
MS,0.008971874,1/1/27,1,1,1,1,1,1,1,1,1
MS,0.008943378,1/1/28,1,1,1,1,1,1,1,1,1
MS,0.008910505,1/1/29,1,1,1,1,1,1,1,1,1
MS,0.008873845,1/1/30,1,1,1,1,1,1,1,1,1
MO,0.021587344,1/1/00,1,1,1,1,1,1,1,1,1
MO,0.021095904,1/1/04,1,1,1,1,1,1,1,1,1
MO,0.020982424,1/1/05,1,1,1,2,2,2,2,2,2
MO,0.020887475,1/1/06,1,1,1,2,2,2,2,2,2
MO,0.020787076,1/1/07,1,1,1,2,2,2,2,2,2
MO,0.020670574,1/1/08,1,1,1,2,2,2,2,2,2
MO,0.02055701,1/1/09,1,1,1,2,2,2,2,2,2
MO,0.020416729,1/1/10,1,1,1,2,2,2,2,2,2
MO,0.020268888,1/1/11,1,1,1,2,2,2,2,2,2
MO,0.020130695,1/1/12,1,1,1,2,2,2,2,2,2
MO,0.019990437,1/1/13,1,1,1,2,2,2,2,2,2
MO,0.019855374,1/1/14,1,1,1,2,2,2,2,2,2
MO,0.019713692,1/1/15,1,1,1,2,2,2,2,2,2
MO,0.01959573,1/1/16,1,1,1,2,2,2,2,2,2
MO,0.019488145,1/1/17,1,1,1,2,2,2,2,2,2
MO,0.019368747,1/1/18,1,1,1,2,2,2,2,2,2
MO,0.019268041,1/1/19,1,1,1,2,2,2,2,2,2
MO,0.01916593,1/1/20,1,1,1,2,2,2,2,2,2
MO,0.019075642,1/1/21,1,1,1,2,2,2,2,2,2
MO,0.018989558,1/1/22,1,1,1,2,2,2,2,2,2
MO,0.018898739,1/1/23,1,1,1,2,2,2,2,2,2
MO,0.018810688,1/1/24,1,1,1,2,2,2,2,2,2
MO,0.018726938,1/1/25,1,1,1,2,2,2,2,2,2
MO,0.018647518,1/1/26,1,1,1,2,2,2,2,2,2
MO,0.018562015,1/1/27,1,1,1,2,2,2,2,2,2
MO,0.018462857,1/1/28,1,1,1,2,2,2,2,2,2
MO,0.018348601,1/1/29,1,1,1,2,2,2,2,2,2
MO,0.018217645,1/1/30,1,1,1,2,2,2,2,2,2
MT,0.0034565,1/1/00,1,1,1,2,2,2,2,2,2
MT,0.003508246,1/1/04,1,1,1,2,2,2,2,2,2
MT,0.003522001,1/1/05,1,1,1,2,2,2,2,2,2
MT,0.003540042,1/1/06,1,1,1,2,2,2,2,2,2
MT,0.003555487,1/1/07,1,1,1,2,2,2,2,2,2
MT,0.003571527,1/1/08,1,1,1,2,2,2,2,2,2
MT,0.00358493,1/1/09,1,1,1,2,2,2,2,2,2
MT,0.003602078,1/1/10,1,1,1,2,2,2,2,2,2
MT,0.003619752,1/1/11,1,1,1,2,2,2,2,2,2
MT,0.003635181,1/1/12,1,1,1,2,2,2,2,2,2
MT,0.003654954,1/1/13,1,1,1,2,2,2,2,2,2
MT,0.003683625,1/1/14,1,1,1,2,2,2,2,2,2
MT,0.003713941,1/1/15,1,1,1,2,2,2,2,2,2
MT,0.003747889,1/1/16,1,1,1,2,2,2,2,2,2
MT,0.003786525,1/1/17,1,1,1,2,2,2,2,2,2
MT,0.003824272,1/1/18,1,1,1,2,2,2,2,2,2
MT,0.003854176,1/1/19,1,1,1,2,2,2,2,2,2
MT,0.003876545,1/1/20,1,1,1,2,2,2,2,2,2
MT,0.003894273,1/1/21,1,1,1,2,2,2,2,2,2
MT,0.003905007,1/1/22,1,1,1,2,2,2,2,2,2
MT,0.003910149,1/1/23,1,1,1,2,2,2,2,2,2
MT,0.003908127,1/1/24,1,1,1,2,2,2,2,2,2
MT,0.003900416,1/1/25,1,1,1,2,2,2,2,2,2
MT,0.003886949,1/1/26,1,1,1,2,2,2,2,2,2
MT,0.00386811,1/1/27,1,1,1,2,2,2,2,2,2
MT,0.003842563,1/1/28,1,1,1,2,2,2,2,2,2
MT,0.003809914,1/1/29,1,1,1,2,2,2,2,2,2
MT,0.003772497,1/1/30,1,1,1,2,2,2,2,2,2
NE,0.006635706,1/1/00,1,1,1,2,2,2,2,2,2
NE,0.006419408,1/1/04,1,1,1,2,2,2,2,2,2
NE,0.006355832,1/1/05,1,1,1,2,2,2,2,2,2
NE,0.006294009,1/1/06,1,1,1,2,2,2,2,2,2
NE,0.006232788,1/1/07,1,1,1,2,2,2,2,2,2
NE,0.006166683,1/1/08,1,1,1,2,2,2,2,2,2
NE,0.00610957,1/1/09,1,1,1,2,2,2,2,2,2
NE,0.006045988,1/1/10,1,1,1,2,2,2,2,2,2
NE,0.00598117,1/1/11,1,1,1,2,2,2,2,2,2
NE,0.00592164,1/1/12,1,1,1,2,2,2,2,2,2
NE,0.005875138,1/1/13,1,1,1,2,2,2,2,2,2
NE,0.005837568,1/1/14,1,1,1,2,2,2,2,2,2
NE,0.005799846,1/1/15,1,1,1,2,2,2,2,2,2
NE,0.005771691,1/1/16,1,1,1,2,2,2,2,2,2
NE,0.005749132,1/1/17,1,1,1,2,2,2,2,2,2
NE,0.005721084,1/1/18,1,1,1,2,2,2,2,2,2
NE,0.005692178,1/1/19,1,1,1,2,2,2,2,2,2
NE,0.005655927,1/1/20,1,1,1,2,2,2,2,2,2
NE,0.005622933,1/1/21,1,1,1,2,2,2,2,2,2
NE,0.005583465,1/1/22,1,1,1,2,2,2,2,2,2
NE,0.005546565,1/1/23,1,1,1,2,2,2,2,2,2
NE,0.005510409,1/1/24,1,1,1,2,2,2,2,2,2
NE,0.005475261,1/1/25,1,1,1,2,2,2,2,2,2
NE,0.005439737,1/1/26,1,1,1,2,2,2,2,2,2
NE,0.00540381,1/1/27,1,1,1,2,2,2,2,2,2
NE,0.005363168,1/1/28,1,1,1,2,2,2,2,2,2
NE,0.005314712,1/1/29,1,1,1,2,2,2,2,2,2
NE,0.005259521,1/1/30,1,1,1,2,2,2,2,2,2
NV,0.006256589,1/1/00,1,1,1,2,2,2,2,2,2
NV,0.007067746,1/1/04,1,1,1,2,2,2,2,2,2
NV,0.007255714,1/1/05,1,1,1,2,2,2,2,2,2
NV,0.00744238,1/1/06,1,1,1,2,2,2,2,2,2
NV,0.007624293,1/1/07,1,1,1,2,2,2,2,2,2
NV,0.007812217,1/1/08,1,1,1,2,2,2,2,2,2
NV,0.008000245,1/1/09,1,1,1,2,2,2,2,2,2
NV,0.008190621,1/1/10,1,1,1,2,2,2,2,2,2
NV,0.008372086,1/1/11,1,1,1,2,2,2,2,2,2
NV,0.008539721,1/1/12,1,1,1,2,2,2,2,2,2
NV,0.008701332,1/1/13,1,1,1,2,2,2,2,2,2
NV,0.008858667,1/1/14,1,1,1,2,2,2,2,2,2
NV,0.009012876,1/1/15,1,1,1,2,2,2,2,2,2
NV,0.009160282,1/1/16,1,1,1,2,2,2,2,2,2
NV,0.009296615,1/1/17,1,1,1,2,2,2,2,2,2
NV,0.009437173,1/1/18,1,1,1,2,2,2,2,2,2
NV,0.00958215,1/1/19,1,1,1,2,2,2,2,2,2
NV,0.009721794,1/1/20,1,1,1,2,2,2,2,2,2
NV,0.009856861,1/1/21,1,1,1,2,2,2,2,2,2
NV,0.00998967,1/1/22,1,1,1,2,2,2,2,2,2
NV,0.010120521,1/1/23,1,1,1,2,2,2,2,2,2
NV,0.010251549,1/1/24,1,1,1,2,2,2,2,2,2
NV,0.010385095,1/1/25,1,1,1,2,2,2,2,2,2
NV,0.010528835,1/1/26,1,1,1,2,2,2,2,2,2
NV,0.010680113,1/1/27,1,1,1,2,2,2,2,2,2
NV,0.010832997,1/1/28,1,1,1,2,2,2,2,2,2
NV,0.01099169,1/1/29,4,5,6,4,5,7,4,6,6
NV,0.011156617,1/1/30,4,5,6,4,5,7,4,6,6
NH,0.004228711,1/1/00,4,5,6,4,5,7,4,6,6
NH,0.004291008,1/1/04,4,5,6,4,5,7,4,6,6
NH,0.00430593,1/1/05,4,5,6,4,5,7,4,6,6
NH,0.004323698,1/1/06,4,5,6,4,5,7,4,6,6
NH,0.004352482,1/1/07,4,5,6,4,5,7,4,6,6
NH,0.004386592,1/1/08,4,5,6,4,5,7,4,6,6
NH,0.00441919,1/1/09,4,5,6,4,5,7,4,6,6
NH,0.004443502,1/1/10,4,5,6,4,5,7,4,6,6
NH,0.004473232,1/1/11,4,5,6,4,5,7,4,6,6
NH,0.004528101,1/1/12,4,5,6,4,5,7,4,6,6
NH,0.004578908,1/1/13,4,5,6,4,5,7,4,6,6
NH,0.004618603,1/1/14,4,5,6,4,5,7,4,6,6
NH,0.004648314,1/1/15,4,5,6,4,5,7,4,6,6
NH,0.004677553,1/1/16,4,5,6,4,5,7,4,6,6
NH,0.004711967,1/1/17,4,5,6,4,5,7,4,6,6
NH,0.004745081,1/1/18,4,5,6,4,5,7,4,6,6
NH,0.004771163,1/1/19,4,5,6,4,5,7,4,6,6
NH,0.004793098,1/1/20,4,5,6,4,5,7,4,6,6
NH,0.004815443,1/1/21,4,5,6,4,5,7,4,6,6
NH,0.00483948,1/1/22,4,5,6,4,5,7,4,6,6
NH,0.004863829,1/1/23,4,5,6,4,5,7,4,6,6
NH,0.004886776,1/1/24,4,5,6,4,5,7,4,6,6
NH,0.004902986,1/1/25,4,5,6,4,5,7,4,6,6
NH,0.004919587,1/1/26,4,5,6,4,5,7,4,6,6
NH,0.004928847,1/1/27,4,5,6,4,5,7,4,6,6
NH,0.004937034,1/1/28,1,1,1,2,2,2,2,2,2
NH,0.00493948,1/1/29,1,1,1,2,2,2,2,2,2
NH,0.004937283,1/1/30,1,1,1,2,2,2,2,2,2
NJ,0.031811381,1/1/00,1,1,1,2,2,2,2,2,2
NJ,0.031330915,1/1/04,1,1,1,2,2,2,2,2,2
NJ,0.031210977,1/1/05,1,1,1,2,2,2,2,2,2
NJ,0.03107753,1/1/06,1,1,1,2,2,2,2,2,2
NJ,0.030989542,1/1/07,1,1,1,2,2,2,2,2,2
NJ,0.030922041,1/1/08,1,1,1,2,2,2,2,2,2
NJ,0.030766078,1/1/09,1,1,1,2,2,2,2,2,2
NJ,0.030603165,1/1/10,1,1,1,2,2,2,2,2,2
NJ,0.030466802,1/1/11,1,1,1,2,2,2,2,2,2
NJ,0.030312548,1/1/12,1,1,1,2,2,2,2,2,2
NJ,0.030103228,1/1/13,1,1,1,2,2,2,2,2,2
NJ,0.029848004,1/1/14,1,1,1,2,2,2,2,2,2
NJ,0.029603451,1/1/15,1,1,1,2,2,2,2,2,2
NJ,0.029346937,1/1/16,1,1,1,2,2,2,2,2,2
NJ,0.029085259,1/1/17,1,1,1,2,2,2,2,2,2
NJ,0.028840844,1/1/18,1,1,1,2,2,2,2,2,2
NJ,0.02861149,1/1/19,1,1,1,2,2,2,2,2,2
NJ,0.028418273,1/1/20,1,1,1,2,2,2,2,2,2
NJ,0.028246467,1/1/21,1,1,1,2,2,2,2,2,2
NJ,0.028093028,1/1/22,1,1,1,2,2,2,2,2,2
NJ,0.02796259,1/1/23,1,1,1,2,2,2,2,2,2
NJ,0.027851327,1/1/24,1,1,1,2,2,2,2,2,2
NJ,0.027744906,1/1/25,1,1,1,2,2,2,2,2,2
NJ,0.027644405,1/1/26,1,1,1,2,2,2,2,2,2
NJ,0.027558385,1/1/27,5,6,7,6,7,8,6,7,7
NJ,0.027489344,1/1/28,5,6,7,6,7,8,6,7,7
NJ,0.027444423,1/1/29,5,6,7,6,7,8,6,7,7
NJ,0.02742407,1/1/30,5,6,7,6,7,8,6,7,7
NM,0.006065001,1/1/00,5,6,7,6,7,8,6,7,7
NM,0.006438691,1/1/04,5,6,7,6,7,8,6,7,7
NM,0.006528195,1/1/05,5,6,7,6,7,8,6,7,7
NM,0.006612509,1/1/06,5,6,7,6,7,8,6,7,7
NM,0.006690679,1/1/07,5,6,7,6,7,8,6,7,7
NM,0.006763708,1/1/08,5,6,7,6,7,8,6,7,7
NM,0.006845734,1/1/09,5,6,7,6,7,8,6,7,7
NM,0.00693194,1/1/10,5,6,7,6,7,8,6,7,7
NM,0.007013415,1/1/11,5,6,7,6,7,8,6,7,7
NM,0.007089686,1/1/12,5,6,7,6,7,8,6,7,7
NM,0.007168479,1/1/13,5,6,7,6,7,8,6,7,7
NM,0.007256951,1/1/14,5,6,7,6,7,8,6,7,7
NM,0.007343806,1/1/15,5,6,7,6,7,8,6,7,7
NM,0.007428436,1/1/16,5,6,7,6,7,8,6,7,7
NM,0.007504894,1/1/17,5,6,7,6,7,8,6,7,7
NM,0.0075739,1/1/18,5,6,7,6,7,8,6,7,7
NM,0.007632862,1/1/19,5,6,7,6,7,8,6,7,7
NM,0.007682143,1/1/20,5,6,7,6,7,8,6,7,7
NM,0.007726816,1/1/21,5,6,7,6,7,8,6,7,7
NM,0.007766028,1/1/22,5,6,7,6,7,8,6,7,7
NM,0.007794459,1/1/23,5,6,7,6,7,8,6,7,7
NM,0.007815767,1/1/24,5,6,7,6,7,8,6,7,7
NM,0.007829468,1/1/25,5,6,7,6,7,8,6,7,7
NM,0.007839729,1/1/26,1,1,1,1,4,4,1,1,1
NM,0.007841263,1/1/27,1,1,1,1,4,4,1,1,1
NM,0.00783251,1/1/28,1,1,1,1,4,4,1,1,1
NM,0.00780513,1/1/29,1,1,1,1,4,4,1,1,1
NM,0.007769867,1/1/30,1,1,1,1,4,4,1,1,1
NY,0.069969401,1/1/00,1,1,1,1,4,4,1,1,1
NY,0.068686933,1/1/04,1,1,1,1,4,4,1,1,1
NY,0.068364387,1/1/05,1,1,1,1,4,4,1,1,1
NY,0.067924069,1/1/06,1,1,1,1,4,4,1,1,1
NY,0.067464046,1/1/07,1,1,1,1,4,4,1,1,1
NY,0.067003558,1/1/08,1,1,1,1,4,4,1,1,1
NY,0.066426528,1/1/09,1,1,1,1,4,4,1,1,1
NY,0.065889919,1/1/10,1,1,1,1,4,4,1,1,1
NY,0.065366663,1/1/11,1,1,1,1,4,4,1,1,1
NY,0.064757911,1/1/12,1,1,1,1,4,4,1,1,1
NY,0.064124367,1/1/13,1,1,1,1,4,4,1,1,1
NY,0.063493219,1/1/14,1,1,1,1,4,4,1,1,1
NY,0.062907678,1/1/15,1,1,1,1,4,4,1,1,1
NY,0.06224671,1/1/16,1,1,1,1,4,4,1,1,1
NY,0.061526187,1/1/17,1,1,1,1,4,4,1,1,1
NY,0.060809105,1/1/18,1,1,1,1,4,4,1,1,1
NY,0.06009784,1/1/19,1,1,1,1,4,4,1,1,1
NY,0.059489429,1/1/20,1,1,1,1,4,4,1,1,1
NY,0.058859053,1/1/21,1,1,1,1,4,4,1,1,1
NY,0.05824628,1/1/22,1,1,1,1,4,4,1,1,1
NY,0.057692394,1/1/23,1,1,1,1,4,4,1,1,1
NY,0.057197782,1/1/24,1,1,1,1,4,4,1,1,1
NY,0.056777001,1/1/25,1,1,1,2,2,2,2,2,2
NY,0.056303903,1/1/26,1,1,1,2,2,2,2,2,2
NY,0.055833683,1/1/27,1,1,1,2,2,2,2,2,2
NY,0.055431178,1/1/28,1,1,1,2,2,2,2,2,2
NY,0.0550896,1/1/29,1,1,1,2,2,2,2,2,2
NY,0.054817365,1/1/30,1,1,1,2,2,2,2,2,2
NC,0.027693611,1/1/00,1,1,1,2,2,2,2,2,2
NC,0.028174243,1/1/04,1,1,1,2,2,2,2,2,2
NC,0.028272202,1/1/05,1,1,1,2,2,2,2,2,2
NC,0.028376634,1/1/06,1,1,1,2,2,2,2,2,2
NC,0.028484448,1/1/07,1,1,1,2,2,2,2,2,2
NC,0.028600831,1/1/08,1,1,1,2,2,2,2,2,2
NC,0.028727207,1/1/09,1,1,1,2,2,2,2,2,2
NC,0.028853302,1/1/10,1,1,1,2,2,2,2,2,2
NC,0.028984204,1/1/11,1,1,1,2,2,2,2,2,2
NC,0.029111365,1/1/12,1,1,1,2,2,2,2,2,2
NC,0.029232283,1/1/13,1,1,1,2,2,2,2,2,2
NC,0.029320568,1/1/14,1,1,1,2,2,2,2,2,2
NC,0.029380907,1/1/15,1,1,1,2,2,2,2,2,2
NC,0.02943824,1/1/16,1,1,1,2,2,2,2,2,2
NC,0.029505349,1/1/17,1,1,1,2,2,2,2,2,2
NC,0.029553813,1/1/18,1,1,1,2,2,2,2,2,2
NC,0.029601092,1/1/19,1,1,1,2,2,2,2,2,2
NC,0.029626981,1/1/20,1,1,1,2,2,2,2,2,2
NC,0.029667863,1/1/21,1,1,1,2,2,2,2,2,2
NC,0.029712836,1/1/22,1,1,1,2,2,2,2,2,2
NC,0.029760718,1/1/23,1,1,1,2,2,2,2,2,2
NC,0.029815387,1/1/24,3,3,3,4,5,5,4,4,4
NC,0.029877054,1/1/25,3,3,3,4,5,5,4,4,4
NC,0.029959979,1/1/26,3,3,3,4,5,5,4,4,4
NC,0.030061138,1/1/27,3,3,3,4,5,5,4,4,4
NC,0.030173673,1/1/28,3,3,3,4,5,5,4,4,4
NC,0.030291766,1/1/29,3,3,3,4,5,5,4,4,4
NC,0.03041382,1/1/30,3,3,3,4,5,5,4,4,4
ND,0.002700008,1/1/00,3,3,3,4,5,5,4,4,4
ND,0.002583862,1/1/04,3,3,3,4,5,5,4,4,4
ND,0.002551647,1/1/05,3,3,3,4,5,5,4,4,4
ND,0.002522518,1/1/06,3,3,3,4,5,5,4,4,4
ND,0.002491541,1/1/07,3,3,3,4,5,5,4,4,4
ND,0.002460289,1/1/08,3,3,3,4,5,5,4,4,4
ND,0.002436219,1/1/09,3,3,3,4,5,5,4,4,4
ND,0.002412998,1/1/10,3,3,3,4,5,5,4,4,4
ND,0.002389433,1/1/11,3,3,3,4,5,5,4,4,4
ND,0.002359735,1/1/12,3,3,3,4,5,5,4,4,4
ND,0.002337461,1/1/13,3,3,3,4,5,5,4,4,4
ND,0.002319734,1/1/14,3,3,3,4,5,5,4,4,4
ND,0.002306012,1/1/15,3,3,3,4,5,5,4,4,4
ND,0.002298291,1/1/16,3,3,3,4,5,5,4,4,4
ND,0.002298059,1/1/17,3,3,3,4,5,5,4,4,4
ND,0.002296432,1/1/18,3,3,3,4,5,5,4,4,4
ND,0.002293244,1/1/19,3,3,3,4,5,5,4,4,4
ND,0.002288462,1/1/20,3,3,3,4,5,5,4,4,4
ND,0.002284209,1/1/21,3,3,3,4,5,5,4,4,4
ND,0.002274443,1/1/22,3,3,3,4,5,5,4,4,4
ND,0.002263417,1/1/23,1,1,1,2,2,2,2,2,2
ND,0.002252996,1/1/24,1,1,1,2,2,2,2,2,2
ND,0.002238455,1/1/25,1,1,1,2,2,2,2,2,2
ND,0.002222528,1/1/26,1,1,1,2,2,2,2,2,2
ND,0.002204575,1/1/27,1,1,1,2,2,2,2,2,2
ND,0.002184518,1/1/28,1,1,1,2,2,2,2,2,2
ND,0.002159384,1/1/29,1,1,1,2,2,2,2,2,2
ND,0.002132269,1/1/30,1,1,1,2,2,2,2,2,2
OH,0.043088924,1/1/00,1,1,1,2,2,2,2,2,2
OH,0.041829751,1/1/04,1,1,1,2,2,2,2,2,2
OH,0.0414652,1/1/05,1,1,1,2,2,2,2,2,2
OH,0.041125393,1/1/06,1,1,1,2,2,2,2,2,2
OH,0.040805215,1/1/07,1,1,1,2,2,2,2,2,2
OH,0.040431899,1/1/08,1,1,1,2,2,2,2,2,2
OH,0.039950163,1/1/09,1,1,1,2,2,2,2,2,2
OH,0.039434259,1/1/10,1,1,1,2,2,2,2,2,2
OH,0.038982684,1/1/11,1,1,1,2,2,2,2,2,2
OH,0.038696646,1/1/12,1,1,1,2,2,2,2,2,2
OH,0.038397946,1/1/13,1,1,1,2,2,2,2,2,2
OH,0.038079963,1/1/14,1,1,1,2,2,2,2,2,2
OH,0.037747629,1/1/15,1,1,1,2,2,2,2,2,2
OH,0.037426794,1/1/16,1,1,1,2,2,2,2,2,2
OH,0.037128526,1/1/17,1,1,1,2,2,2,2,2,2
OH,0.036813565,1/1/18,1,1,1,2,2,2,2,2,2
OH,0.036502399,1/1/19,1,1,1,2,2,2,2,2,2
OH,0.036214452,1/1/20,1,1,1,2,2,2,2,2,2
OH,0.03592286,1/1/21,1,1,1,2,2,2,2,2,2
OH,0.035648434,1/1/22,1,1,1,2,2,2,2,2,2
OH,0.035381278,1/1/23,1,1,1,2,2,2,2,2,2
OH,0.035078698,1/1/24,1,1,1,2,2,2,2,2,2
OH,0.034738167,1/1/25,1,1,1,2,2,2,2,2,2
OH,0.034399181,1/1/26,1,1,1,2,2,2,2,2,2
OH,0.034044783,1/1/27,1,1,1,2,2,2,2,2,2
OH,0.033678527,1/1/28,1,1,1,2,2,2,2,2,2
OH,0.033325982,1/1/29,1,1,1,2,2,2,2,2,2
OH,0.032986809,1/1/30,1,1,1,2,2,2,2,2,2
OK,0.013030213,1/1/00,1,1,1,2,2,2,2,2,2
OK,0.01272591,1/1/04,1,1,1,2,2,2,2,2,2
OK,0.01266204,1/1/05,1,1,1,2,2,2,2,2,2
OK,0.01259775,1/1/06,1,1,1,2,2,2,2,2,2
OK,0.012520003,1/1/07,1,1,1,2,2,2,2,2,2
OK,0.012430677,1/1/08,1,1,1,2,2,2,2,2,2
OK,0.012370856,1/1/09,1,1,1,2,2,2,2,2,2
OK,0.012299213,1/1/10,1,1,1,2,2,2,2,2,2
OK,0.012211628,1/1/11,1,1,1,2,2,2,2,2,2
OK,0.012123694,1/1/12,1,1,1,2,2,2,2,2,2
OK,0.012027196,1/1/13,1,1,1,2,2,2,2,2,2
OK,0.011932942,1/1/14,1,1,1,2,2,2,2,2,2
OK,0.011834845,1/1/15,1,1,1,2,2,2,2,2,2
OK,0.011749347,1/1/16,1,1,1,2,2,2,2,2,2
OK,0.011666856,1/1/17,1,1,1,2,2,2,2,2,2
OK,0.01159173,1/1/18,1,1,1,2,2,2,2,2,2
OK,0.011523005,1/1/19,1,1,1,2,2,2,2,2,2
OK,0.011447233,1/1/20,1,1,1,2,2,2,2,2,2
OK,0.011371012,1/1/21,6,7,8,3,3,3,3,3,8
OK,0.011293296,1/1/22,6,7,8,3,3,3,3,3,8
OK,0.011214097,1/1/23,6,7,8,3,3,3,3,3,8
OK,0.011135124,1/1/24,6,7,8,3,3,3,3,3,8
OK,0.011055821,1/1/25,6,7,8,3,3,3,3,3,8
OK,0.010976611,1/1/26,6,7,8,3,3,3,3,3,8
OK,0.010895728,1/1/27,6,7,8,3,3,3,3,3,8
OK,0.010812205,1/1/28,6,7,8,3,3,3,3,3,8
OK,0.01071515,1/1/29,6,7,8,3,3,3,3,3,8
OK,0.010602046,1/1/30,6,7,8,3,3,3,3,3,8
OR,0.012522293,1/1/00,6,7,8,3,3,3,3,3,8
OR,0.012261732,1/1/04,6,7,8,3,3,3,3,3,8
OR,0.012229294,1/1/05,6,7,8,3,3,3,3,3,8
OR,0.01221599,1/1/06,6,7,8,3,3,3,3,3,8
OR,0.012210727,1/1/07,6,7,8,3,3,3,3,3,8
OR,0.012218401,1/1/08,6,7,8,3,3,3,3,3,8
OR,0.012249762,1/1/09,6,7,8,3,3,3,3,3,8
OR,0.01228336,1/1/10,6,7,8,3,3,3,3,3,8
OR,0.012328721,1/1/11,6,7,8,3,3,3,3,3,8
OR,0.012403826,1/1/12,6,7,8,3,3,3,3,3,8
OR,0.012473698,1/1/13,6,7,8,3,3,3,3,3,8
OR,0.012544321,1/1/14,6,7,8,3,3,3,3,3,8
OR,0.012626091,1/1/15,6,7,8,3,3,3,3,3,8
OR,0.012705483,1/1/16,6,7,8,3,3,3,3,3,8
OR,0.012780791,1/1/17,6,7,8,3,3,3,3,3,8
OR,0.012852128,1/1/18,6,7,8,3,3,3,3,3,8
OR,0.012896765,1/1/19,6,7,8,3,3,3,3,3,8
OR,0.012902098,1/1/20,1,1,1,2,2,2,2,2,2
OR,0.012889014,1/1/21,1,1,1,2,2,2,2,2,2
OR,0.01286053,1/1/22,1,1,1,2,2,2,2,2,2
OR,0.012812204,1/1/23,1,1,1,2,2,2,2,2,2
OR,0.012751401,1/1/24,1,1,1,2,2,2,2,2,2
OR,0.012683716,1/1/25,1,1,1,2,2,2,2,2,2
OR,0.012623455,1/1/26,1,1,1,2,2,2,2,2,2
OR,0.012559696,1/1/27,1,1,1,2,2,2,2,2,2
OR,0.01248926,1/1/28,1,1,1,2,2,2,2,2,2
OR,0.01241349,1/1/29,1,1,1,2,2,2,2,2,2
OR,0.012343095,1/1/30,1,1,1,2,2,2,2,2,2
PA,0.054846209,1/1/00,1,1,1,2,2,2,2,2,2
PA,0.052338491,1/1/04,1,1,1,2,2,2,2,2,2
PA,0.05168179,1/1/05,1,1,1,2,2,2,2,2,2
PA,0.051068649,1/1/06,1,1,1,2,2,2,2,2,2
PA,0.050479909,1/1/07,1,1,1,2,2,2,2,2,2
PA,0.049923716,1/1/08,1,1,1,2,2,2,2,2,2
PA,0.049294551,1/1/09,1,1,1,2,2,2,2,2,2
PA,0.048609705,1/1/10,1,1,1,2,2,2,2,2,2
PA,0.047988363,1/1/11,1,1,1,2,2,2,2,2,2
PA,0.047489309,1/1/12,1,1,1,2,2,2,2,2,2
PA,0.046987527,1/1/13,1,1,1,2,2,2,2,2,2
PA,0.046452262,1/1/14,1,1,1,2,2,2,2,2,2
PA,0.045927519,1/1/15,1,1,1,2,2,2,2,2,2
PA,0.045475739,1/1/16,1,1,1,2,2,2,2,2,2
PA,0.04509434,1/1/17,1,1,1,2,2,2,2,2,2
PA,0.044724635,1/1/18,1,1,1,2,2,2,2,2,2
PA,0.044358135,1/1/19,1,1,1,1,1,1,2,2,2
PA,0.043987458,1/1/20,1,1,1,1,1,1,2,2,2
PA,0.043646552,1/1/21,1,1,1,1,1,1,2,2,2
PA,0.04333086,1/1/22,1,1,1,1,1,1,2,2,2
PA,0.043028497,1/1/23,1,1,1,1,1,1,2,2,2
PA,0.042706165,1/1/24,1,1,1,1,1,1,2,2,2
PA,0.042327189,1/1/25,1,1,1,1,1,1,2,2,2
PA,0.041960186,1/1/26,1,1,1,1,1,1,2,2,2
PA,0.041574207,1/1/27,1,1,1,1,1,1,2,2,2
PA,0.041179708,1/1/28,1,1,1,1,1,1,2,2,2
PA,0.040807032,1/1/29,1,1,1,1,1,1,2,2,2
PA,0.040446852,1/1/30,1,1,1,1,1,1,2,2,2
RI,0.004355369,1/1/00,1,1,1,1,1,1,2,2,2
RI,0.004159536,1/1/04,1,1,1,1,1,1,2,2,2
RI,0.00411193,1/1/05,1,1,1,1,1,1,2,2,2
RI,0.004064236,1/1/06,1,1,1,1,1,1,2,2,2
RI,0.004021884,1/1/07,1,1,1,1,1,1,2,2,2
RI,0.003987292,1/1/08,1,1,1,1,1,1,2,2,2
RI,0.003947351,1/1/09,1,1,1,1,1,1,2,2,2
RI,0.003910126,1/1/10,1,1,1,1,1,1,2,2,2
RI,0.003876773,1/1/11,1,1,1,1,1,1,2,2,2
RI,0.003847419,1/1/12,1,1,1,1,1,1,2,2,2
RI,0.003812323,1/1/13,1,1,1,1,1,1,2,2,2
RI,0.003778442,1/1/14,1,1,1,1,1,1,2,2,2
RI,0.003745229,1/1/15,1,1,1,1,1,1,2,2,2
RI,0.003712683,1/1/16,1,1,1,1,1,1,2,2,2
RI,0.003686031,1/1/17,1,1,1,1,1,1,2,2,2
RI,0.003660545,1/1/18,1,1,1,2,2,2,2,2,2
RI,0.003639546,1/1/19,1,1,1,2,2,2,2,2,2
RI,0.003623744,1/1/20,1,1,1,2,2,2,2,2,2
RI,0.003605841,1/1/21,1,1,1,2,2,2,2,2,2
RI,0.003587379,1/1/22,1,1,1,2,2,2,2,2,2
RI,0.003572553,1/1/23,1,1,1,2,2,2,2,2,2
RI,0.003555511,1/1/24,1,1,1,2,2,2,2,2,2
RI,0.003534238,1/1/25,1,1,1,2,2,2,2,2,2
RI,0.003516558,1/1/26,1,1,1,2,2,2,2,2,2
RI,0.003499954,1/1/27,1,1,1,2,2,2,2,2,2
RI,0.00348082,1/1/28,1,1,1,2,2,2,2,2,2
RI,0.003464571,1/1/29,1,1,1,2,2,2,2,2,2
RI,0.003449895,1/1/30,1,1,1,2,2,2,2,2,2
SC,0.013869925,1/1/00,1,1,1,2,2,2,2,2,2
SC,0.014301749,1/1/04,1,1,1,2,2,2,2,2,2
SC,0.014426951,1/1/05,1,1,1,2,2,2,2,2,2
SC,0.014558624,1/1/06,1,1,1,2,2,2,2,2,2
SC,0.014677776,1/1/07,1,1,1,2,2,2,2,2,2
SC,0.014791509,1/1/08,1,1,1,2,2,2,2,2,2
SC,0.014915581,1/1/09,1,1,1,2,2,2,2,2,2
SC,0.015049804,1/1/10,1,1,1,2,2,2,2,2,2
SC,0.015176046,1/1/11,1,1,1,2,2,2,2,2,2
SC,0.015291675,1/1/12,1,1,1,2,2,2,2,2,2
SC,0.015400613,1/1/13,1,1,1,2,2,2,2,2,2
SC,0.015496475,1/1/14,1,1,1,2,2,2,2,2,2
SC,0.015583836,1/1/15,1,1,1,2,2,2,2,2,2
SC,0.015658908,1/1/16,1,1,1,2,2,2,2,2,2
SC,0.015725365,1/1/17,1,1,1,1,4,4,1,1,1
SC,0.01578271,1/1/18,1,1,1,1,4,4,1,1,1
SC,0.015826011,1/1/19,1,1,1,1,4,4,1,1,1
SC,0.015856123,1/1/20,1,1,1,1,4,4,1,1,1
SC,0.015876866,1/1/21,1,1,1,1,4,4,1,1,1
SC,0.015894085,1/1/22,1,1,1,1,4,4,1,1,1
SC,0.015898303,1/1/23,1,1,1,1,4,4,1,1,1
SC,0.015895545,1/1/24,1,1,1,1,4,4,1,1,1
SC,0.015887637,1/1/25,1,1,1,1,4,4,1,1,1
SC,0.015879878,1/1/26,1,1,1,1,4,4,1,1,1
SC,0.015875841,1/1/27,1,1,1,1,4,4,1,1,1
SC,0.015874516,1/1/28,1,1,1,1,4,4,1,1,1
SC,0.015881517,1/1/29,1,1,1,1,4,4,1,1,1
SC,0.015876891,1/1/30,1,1,1,1,4,4,1,1,1
SD,0.003090185,1/1/00,1,1,1,1,4,4,1,1,1
SD,0.003005807,1/1/04,1,1,1,1,4,4,1,1,1
SD,0.002980251,1/1/05,1,1,1,1,4,4,1,1,1
SD,0.002954525,1/1/06,1,1,1,1,4,4,1,1,1
SD,0.002926155,1/1/07,1,1,1,1,4,4,1,1,1
SD,0.002897144,1/1/08,1,1,1,1,4,4,1,1,1
SD,0.00287151,1/1/09,1,1,1,1,4,4,1,1,1
SD,0.002844146,1/1/10,1,1,1,1,4,4,1,1,1
SD,0.002816732,1/1/11,1,1,1,1,4,4,1,1,1
SD,0.002784563,1/1/12,1,1,1,1,4,4,1,1,1
SD,0.002762222,1/1/13,1,1,1,1,4,4,1,1,1
SD,0.002747037,1/1/14,1,1,1,1,4,4,1,1,1
SD,0.002735029,1/1/15,1,1,1,1,4,4,1,1,1
SD,0.00272939,1/1/16,3,3,3,4,5,5,4,4,4
SD,0.00272805,1/1/17,3,3,3,4,5,5,4,4,4
SD,0.002725163,1/1/18,3,3,3,4,5,5,4,4,4
SD,0.002722994,1/1/19,3,3,3,4,5,5,4,4,4
SD,0.002716326,1/1/20,3,3,3,4,5,5,4,4,4
SD,0.002712909,1/1/21,3,3,3,4,5,5,4,4,4
SD,0.002704327,1/1/22,3,3,3,4,5,5,4,4,4
SD,0.002694304,1/1/23,3,3,3,4,5,5,4,4,4
SD,0.002683157,1/1/24,3,3,3,4,5,5,4,4,4
SD,0.00267086,1/1/25,3,3,3,4,5,5,4,4,4
SD,0.002659071,1/1/26,3,3,3,4,5,5,4,4,4
SD,0.002647493,1/1/27,3,3,3,4,5,5,4,4,4
SD,0.002633473,1/1/28,3,3,3,4,5,5,4,4,4
SD,0.002613858,1/1/29,3,3,3,4,5,5,4,4,4
SD,0.002589993,1/1/30,3,3,3,4,5,5,4,4,4
TN,0.020099336,1/1/00,3,3,3,4,5,5,4,4,4
TN,0.020318577,1/1/04,3,3,3,4,5,5,4,4,4
TN,0.0203741,1/1/05,3,3,3,4,5,5,4,4,4
TN,0.02042982,1/1/06,3,3,3,4,5,5,4,4,4
TN,0.020478777,1/1/07,3,3,3,4,5,5,4,4,4
TN,0.020513454,1/1/08,3,3,3,4,5,5,4,4,4
TN,0.020560556,1/1/09,3,3,3,4,5,5,4,4,4
TN,0.020600062,1/1/10,3,3,3,4,5,5,4,4,4
TN,0.020626515,1/1/11,3,3,3,4,5,5,4,4,4
TN,0.020665812,1/1/12,3,3,3,4,5,5,4,4,4
TN,0.020699715,1/1/13,3,3,3,4,5,5,4,4,4
TN,0.020721054,1/1/14,3,3,3,4,5,5,4,4,4
TN,0.0207075,1/1/15,1,1,1,2,2,2,2,2,2
TN,0.020677959,1/1/16,1,1,1,2,2,2,2,2,2
TN,0.020647699,1/1/17,1,1,1,2,2,2,2,2,2
TN,0.020603275,1/1/18,1,1,1,2,2,2,2,2,2
TN,0.020571343,1/1/19,1,1,1,2,2,2,2,2,2
TN,0.020520304,1/1/20,1,1,1,2,2,2,2,2,2
TN,0.020461471,1/1/21,1,1,1,2,2,2,2,2,2
TN,0.020392824,1/1/22,1,1,1,2,2,2,2,2,2
TN,0.0203126,1/1/23,1,1,1,2,2,2,2,2,2
TN,0.020233963,1/1/24,1,1,1,2,2,2,2,2,2
TN,0.020149651,1/1/25,1,1,1,2,2,2,2,2,2
TN,0.020063939,1/1/26,1,1,1,2,2,2,2,2,2
TN,0.019989473,1/1/27,1,1,1,2,2,2,2,2,2
TN,0.019929905,1/1/28,1,1,1,2,2,2,2,2,2
TN,0.019887529,1/1/29,1,1,1,2,2,2,2,2,2
TN,0.019840996,1/1/30,1,1,1,2,2,2,2,2,2
TX,0.059229156,1/1/00,1,1,1,2,2,2,2,2,2
TX,0.061333734,1/1/04,1,1,1,2,2,2,2,2,2
TX,0.061821723,1/1/05,1,1,1,2,2,2,2,2,2
TX,0.062337176,1/1/06,1,1,1,2,2,2,2,2,2
TX,0.062780782,1/1/07,1,1,1,2,2,2,2,2,2
TX,0.063188326,1/1/08,1,1,1,2,2,2,2,2,2
TX,0.063742726,1/1/09,1,1,1,2,2,2,2,2,2
TX,0.06429285,1/1/10,1,1,1,2,2,2,2,2,2
TX,0.064787422,1/1/11,1,1,1,2,2,2,2,2,2
TX,0.065224782,1/1/12,1,1,1,2,2,2,2,2,2
TX,0.06564735,1/1/13,1,1,1,2,2,2,2,2,2
TX,0.066088206,1/1/14,1,1,1,2,2,2,2,2,2
TX,0.066527776,1/1/15,1,1,1,2,2,2,2,2,2
TX,0.066962975,1/1/16,1,1,1,2,2,2,2,2,2
TX,0.067386178,1/1/17,1,1,1,2,2,2,2,2,2
TX,0.067852121,1/1/18,1,1,1,2,2,2,2,2,2
TX,0.06830086,1/1/19,1,1,1,2,2,2,2,2,2
TX,0.068747648,1/1/20,1,1,1,2,2,2,2,2,2
TX,0.069188133,1/1/21,1,1,1,2,2,2,2,2,2
TX,0.069629923,1/1/22,1,1,1,2,2,2,2,2,2
TX,0.070043348,1/1/23,1,1,1,2,2,2,2,2,2
TX,0.070439326,1/1/24,1,1,1,2,2,2,2,2,2
TX,0.070842059,1/1/25,1,1,1,2,2,2,2,2,2
TX,0.071230811,1/1/26,1,1,1,2,2,2,2,2,2
TX,0.071604018,1/1/27,1,1,1,2,2,2,2,2,2
TX,0.071977374,1/1/28,1,1,1,2,2,2,2,2,2
TX,0.072293726,1/1/29,1,1,1,2,2,2,2,2,2
TX,0.072581289,1/1/30,1,1,1,2,2,2,2,2,2
UT,0.005436195,1/1/00,1,1,1,2,2,2,2,2,2
UT,0.00560211,1/1/04,1,1,1,2,2,2,2,2,2
UT,0.005640275,1/1/05,1,1,1,2,2,2,2,2,2
UT,0.005676445,1/1/06,1,1,1,2,2,2,2,2,2
UT,0.005712256,1/1/07,1,1,1,2,2,2,2,2,2
UT,0.005752443,1/1/08,1,1,1,2,2,2,2,2,2
UT,0.005802339,1/1/09,1,1,1,2,2,2,2,2,2
UT,0.005834402,1/1/10,1,1,1,2,2,2,2,2,2
UT,0.005860453,1/1/11,1,1,1,2,2,2,2,2,2
UT,0.005888668,1/1/12,1,1,1,2,2,2,2,2,2
UT,0.005924691,1/1/13,1,1,1,1,4,4,1,1,1
UT,0.005962534,1/1/14,1,1,1,1,4,4,1,1,1
UT,0.006004801,1/1/15,1,1,1,1,4,4,1,1,1
UT,0.006050329,1/1/16,1,1,1,1,4,4,1,1,1
UT,0.006100039,1/1/17,1,1,1,1,4,4,1,1,1
UT,0.006151043,1/1/18,1,1,1,1,4,4,1,1,1
UT,0.006200783,1/1/19,1,1,1,1,4,4,1,1,1
UT,0.006243514,1/1/20,1,1,1,1,4,4,1,1,1
UT,0.006280785,1/1/21,1,1,1,1,4,4,1,1,1
UT,0.006314043,1/1/22,1,1,1,1,4,4,1,1,1
UT,0.006339868,1/1/23,1,1,1,1,4,4,1,1,1
UT,0.006363141,1/1/24,1,1,1,1,4,4,1,1,1
UT,0.006384118,1/1/25,1,1,1,1,4,4,1,1,1
UT,0.006405256,1/1/26,1,1,1,1,4,4,1,1,1
UT,0.006425387,1/1/27,1,1,1,1,4,4,1,1,1
UT,0.006440205,1/1/28,1,1,1,1,4,4,1,1,1
UT,0.006444607,1/1/29,1,1,1,1,4,4,1,1,1
UT,0.006445495,1/1/30,1,1,1,1,4,4,1,1,1
VT,0.002215093,1/1/00,1,1,1,1,4,4,1,1,1
VT,0.002234273,1/1/04,1,1,1,1,4,4,1,1,1
VT,0.002241177,1/1/05,1,1,1,1,4,4,1,1,1
VT,0.002252329,1/1/06,1,1,1,1,4,4,1,1,1
VT,0.002264326,1/1/07,1,1,1,1,4,4,1,1,1
VT,0.002283914,1/1/08,1,1,1,1,4,4,1,1,1
VT,0.002302461,1/1/09,1,1,1,1,4,4,1,1,1
VT,0.002321903,1/1/10,1,1,1,1,4,4,1,1,1
VT,0.002339361,1/1/11,1,1,1,1,4,4,1,1,1
VT,0.002361028,1/1/12,1,1,1,2,2,2,2,2,2
VT,0.002384149,1/1/13,1,1,1,2,2,2,2,2,2
VT,0.002407096,1/1/14,1,1,1,2,2,2,2,2,2
VT,0.002425416,1/1/15,1,1,1,2,2,2,2,2,2
VT,0.00244652,1/1/16,1,1,1,2,2,2,2,2,2
VT,0.002465161,1/1/17,1,1,1,2,2,2,2,2,2
VT,0.002479396,1/1/18,1,1,1,2,2,2,2,2,2
VT,0.002490078,1/1/19,1,1,1,2,2,2,2,2,2
VT,0.002497607,1/1/20,1,1,1,2,2,2,2,2,2
VT,0.002501789,1/1/21,1,1,1,2,2,2,2,2,2
VT,0.002503806,1/1/22,1,1,1,2,2,2,2,2,2
VT,0.002502346,1/1/23,1,1,1,2,2,2,2,2,2
VT,0.002498198,1/1/24,1,1,1,2,2,2,2,2,2
VT,0.002489762,1/1/25,1,1,1,2,2,2,2,2,2
VT,0.002482358,1/1/26,1,1,1,2,2,2,2,2,2
VT,0.002472368,1/1/27,1,1,1,2,2,2,2,2,2
VT,0.002461078,1/1/28,1,1,1,2,2,2,2,2,2
VT,0.002448619,1/1/29,1,1,1,2,2,2,2,2,2
VT,0.002434311,1/1/30,1,1,1,2,2,2,2,2,2
VA,0.022643421,1/1/00,1,1,1,2,2,2,2,2,2
VA,0.023422864,1/1/04,1,1,1,2,2,2,2,2,2
VA,0.023627814,1/1/05,1,1,1,2,2,2,2,2,2
VA,0.023836918,1/1/06,1,1,1,2,2,2,2,2,2
VA,0.024054053,1/1/07,1,1,1,2,2,2,2,2,2
VA,0.024292424,1/1/08,1,1,1,2,2,2,2,2,2
VA,0.024507426,1/1/09,1,1,1,2,2,2,2,2,2
VA,0.024708431,1/1/10,1,1,1,2,2,2,2,2,2
VA,0.024895569,1/1/11,1,1,1,2,2,2,2,2,2
VA,0.025107125,1/1/12,1,1,1,2,2,2,2,2,2
VA,0.025286401,1/1/13,1,1,1,2,2,2,2,2,2
VA,0.025419101,1/1/14,1,1,1,2,2,2,2,2,2
VA,0.025506186,1/1/15,1,1,1,2,2,2,2,2,2
VA,0.025564755,1/1/16,1,1,1,2,2,2,2,2,2
VA,0.02561203,1/1/17,1,1,1,2,2,2,2,2,2
VA,0.025659637,1/1/18,1,1,1,2,2,2,2,2,2
VA,0.025689411,1/1/19,1,1,1,2,2,2,2,2,2
VA,0.025709892,1/1/20,1,1,1,2,2,2,2,2,2
VA,0.025727728,1/1/21,1,1,1,2,2,2,2,2,2
VA,0.025733348,1/1/22,1,1,1,2,2,2,2,2,2
VA,0.025736312,1/1/23,1,1,1,2,2,2,2,2,2
VA,0.02573748,1/1/24,1,1,1,2,2,2,2,2,2
VA,0.025722859,1/1/25,1,1,1,2,2,2,2,2,2
VA,0.025724123,1/1/26,1,1,1,2,2,2,2,2,2
VA,0.025738049,1/1/27,1,1,1,2,2,2,2,2,2
VA,0.025764704,1/1/28,1,1,1,2,2,2,2,2,2
VA,0.025792336,1/1/29,1,1,1,2,2,2,2,2,2
VA,0.025806836,1/1/30,1,1,1,2,2,2,2,2,2
WA,0.018922973,1/1/00,1,1,1,2,2,2,2,2,2
WA,0.019077265,1/1/04,1,1,1,2,2,2,2,2,2
WA,0.019144289,1/1/05,1,1,1,2,2,2,2,2,2
WA,0.019224803,1/1/06,1,1,1,2,2,2,2,2,2
WA,0.019323946,1/1/07,1,1,1,2,2,2,2,2,2
WA,0.019454606,1/1/08,1,1,1,2,2,2,2,2,2
WA,0.019613863,1/1/09,1,1,1,2,2,2,2,2,2
WA,0.019767759,1/1/10,1,1,1,1,1,1,2,2,2
WA,0.019922812,1/1/11,1,1,1,1,1,1,2,2,2
WA,0.020115866,1/1/12,1,1,1,1,1,1,2,2,2
WA,0.020288757,1/1/13,1,1,1,1,1,1,2,2,2
WA,0.020458549,1/1/14,1,1,1,1,1,1,2,2,2
WA,0.020634559,1/1/15,1,1,1,1,1,1,2,2,2
WA,0.020793866,1/1/16,1,1,1,1,1,1,2,2,2
WA,0.020952605,1/1/17,1,1,1,1,1,1,2,2,2
WA,0.021123234,1/1/18,1,1,1,1,1,1,2,2,2
WA,0.021263811,1/1/19,1,1,1,1,1,1,2,2,2
WA,0.021383097,1/1/20,1,1,1,1,1,1,2,2,2
WA,0.021484748,1/1/21,1,1,1,1,1,1,2,2,2
WA,0.021571597,1/1/22,1,1,1,1,1,1,2,2,2
WA,0.021640982,1/1/23,1,1,1,1,1,1,2,2,2
WA,0.021689572,1/1/24,1,1,1,1,1,1,2,2,2
WA,0.021737892,1/1/25,1,1,1,1,1,1,2,2,2
WA,0.021781963,1/1/26,1,1,1,1,1,1,2,2,2
WA,0.021822768,1/1/27,1,1,1,1,1,1,2,2,2
WA,0.021857268,1/1/28,1,1,1,1,1,1,2,2,2
WA,0.021875505,1/1/29,1,1,1,1,1,1,2,2,2
WA,0.021886984,1/1/30,1,1,1,1,1,1,2,2,2
WV,0.00791315,1/1/00,1,1,1,1,1,1,2,2,2
WV,0.007685823,1/1/04,1,1,1,1,1,1,2,2,2
WV,0.007620905,1/1/05,1,1,1,1,1,1,2,2,2
WV,0.00755723,1/1/06,1,1,1,1,1,1,2,2,2
WV,0.007489497,1/1/07,1,1,1,1,1,1,2,2,2
WV,0.00741545,1/1/08,1,1,1,1,1,1,2,2,2
WV,0.007338115,1/1/09,1,1,1,2,2,2,2,2,2
WV,0.007265781,1/1/10,1,1,1,2,2,2,2,2,2
WV,0.007201396,1/1/11,1,1,1,2,2,2,2,2,2
WV,0.007153374,1/1/12,1,1,1,2,2,2,2,2,2
WV,0.007117766,1/1/13,1,1,1,2,2,2,2,2,2
WV,0.007086329,1/1/14,1,1,1,2,2,2,2,2,2
WV,0.007047871,1/1/15,1,1,1,2,2,2,2,2,2
WV,0.007012025,1/1/16,1,1,1,2,2,2,2,2,2
WV,0.006973986,1/1/17,1,1,1,2,2,2,2,2,2
WV,0.006928473,1/1/18,1,1,1,2,2,2,2,2,2
WV,0.006872034,1/1/19,1,1,1,2,2,2,2,2,2
WV,0.006809649,1/1/20,1,1,1,2,2,2,2,2,2
WV,0.006743615,1/1/21,1,1,1,2,2,2,2,2,2
WV,0.006676519,1/1/22,1,1,1,2,2,2,2,2,2
WV,0.006605538,1/1/23,1,1,1,2,2,2,2,2,2
WV,0.006524896,1/1/24,1,1,1,2,2,2,2,2,2
WV,0.006431187,1/1/25,1,1,1,2,2,2,2,2,2
WV,0.006335855,1/1/26,1,1,1,2,2,2,2,2,2
WV,0.00623983,1/1/27,1,1,1,2,2,2,2,2,2
WV,0.006145759,1/1/28,1,1,1,2,2,2,2,2,2
WV,0.00605508,1/1/29,1,1,1,2,2,2,2,2,2
WV,0.005968122,1/1/30,1,1,1,2,2,2,2,2,2
WI,0.020077674,1/1/00,1,1,1,2,2,2,2,2,2
WI,0.019750485,1/1/04,1,1,1,2,2,2,2,2,2
WI,0.01964271,1/1/05,1,1,1,2,2,2,2,2,2
WI,0.019551961,1/1/06,1,1,1,2,2,2,2,2,2
WI,0.019473537,1/1/07,1,1,1,2,2,2,2,2,2
WI,0.019386915,1/1/08,1,1,1,2,2,2,2,2,2
WI,0.019285812,1/1/09,1,1,1,2,2,2,2,2,2
WI,0.019182947,1/1/10,1,1,1,2,2,2,2,2,2
WI,0.019091121,1/1/11,1,1,1,2,2,2,2,2,2
WI,0.019008475,1/1/12,1,1,1,2,2,2,2,2,2
WI,0.018941292,1/1/13,1,1,1,2,2,2,2,2,2
WI,0.018891195,1/1/14,1,1,1,2,2,2,2,2,2
WI,0.018844439,1/1/15,1,1,1,2,2,2,2,2,2
WI,0.018823547,1/1/16,1,1,1,2,2,2,2,2,2
WI,0.01883016,1/1/17,1,1,1,2,2,2,2,2,2
WI,0.018814978,1/1/18,1,1,1,2,2,2,2,2,2
WI,0.018796689,1/1/19,1,1,1,2,2,2,2,2,2
WI,0.018771856,1/1/20,1,1,1,2,2,2,2,2,2
WI,0.018743584,1/1/21,1,1,1,2,2,2,2,2,2
WI,0.018711321,1/1/22,1,1,1,2,2,2,2,2,2
WI,0.018686099,1/1/23,1,1,1,2,2,2,2,2,2
WI,0.01866348,1/1/24,1,1,1,2,2,2,2,2,2
WI,0.018632344,1/1/25,1,1,1,2,2,2,2,2,2
WI,0.018607385,1/1/26,1,1,1,2,2,2,2,2,2
WI,0.018565856,1/1/27,1,1,1,2,2,2,2,2,2
WI,0.01850815,1/1/28,1,1,1,2,2,2,2,2,2
WI,0.018438739,1/1/29,1,1,1,2,2,2,2,2,2
WI,0.018364748,1/1/30,1,1,1,2,2,2,2,2,2
WY,0.00164876,1/1/00,1,1,1,2,2,2,2,2,2
WY,0.001714235,1/1/04,1,1,1,2,2,2,2,2,2
WY,0.001728095,1/1/05,1,1,1,2,2,2,2,2,2
WY,0.001742868,1/1/06,1,1,1,2,2,2,2,2,2
WY,0.001758483,1/1/07,1,1,1,2,2,2,2,2,2
WY,0.001772673,1/1/08,1,1,1,2,2,2,2,2,2
WY,0.001790097,1/1/09,1,1,1,2,2,2,2,2,2
WY,0.00180545,1/1/10,1,1,1,2,2,2,2,2,2
WY,0.00181902,1/1/11,1,1,1,2,2,2,2,2,2
WY,0.001838036,1/1/12,1,1,1,2,2,2,2,2,2
WY,0.001857643,1/1/13,1,1,1,2,2,2,2,2,2
WY,0.001877234,1/1/14,1,1,1,2,2,2,2,2,2
WY,0.00189871,1/1/15,1,1,1,2,2,2,2,2,2
WY,0.001921795,1/1/16,1,1,1,2,2,2,2,2,2
WY,0.00194518,1/1/17,1,1,1,2,2,2,2,2,2
WY,0.001968998,1/1/18,1,1,1,2,2,2,2,2,2
WY,0.001990247,1/1/19,1,1,1,2,2,2,2,2,2
WY,0.002007161,1/1/20,1,1,1,2,2,2,2,2,2
WY,0.002020784,1/1/21,1,1,1,2,2,2,2,2,2
WY,0.002028904,1/1/22,1,1,1,2,2,2,2,2,2
WY,0.002031482,1/1/23,1,1,1,2,2,2,2,2,2
WY,0.002030919,1/1/24,1,1,1,2,2,2,2,2,2
WY,0.002024519,1/1/25,1,1,1,2,2,2,2,2,2
WY,0.002014661,1/1/26,1,1,1,2,2,2,2,2,2
WY,0.00200156,1/1/27,1,1,1,2,2,2,2,2,2
WY,0.001983592,1/1/28,1,1,1,2,2,2,2,2,2
WY,0.001963042,1/1/29,1,1,1,2,2,2,2,2,2
WY,0.001939528,1/1/30,1,1,1,2,2,2,2,2,2
